mouse,session,trial,result
Mouse1,1,1,0
Mouse1,1,2,0
Mouse1,1,3,1
Mouse1,1,4,1
Mouse1,1,5,1
Mouse1,1,6,0
Mouse1,1,7,1
Mouse1,1,8,0
Mouse1,1,9,0
Mouse1,1,10,0
Mouse1,1,11,0
Mouse1,1,12,1
Mouse1,1,13,0
Mouse1,1,14,1
Mouse1,1,15,0
Mouse1,1,16,0
Mouse1,1,17,0
Mouse1,1,18,1
Mouse1,1,19,0
Mouse1,1,20,1
Mouse1,1,21,1
Mouse1,1,22,1
Mouse1,1,23,0
Mouse1,1,24,1
Mouse1,1,25,1
Mouse1,1,26,1
Mouse1,1,27,0
Mouse1,1,28,1
Mouse1,1,29,0
Mouse1,1,30,0
Mouse1,1,31,1
Mouse1,1,32,0
Mouse1,1,33,1
Mouse1,1,34,0
Mouse1,1,35,1
Mouse1,1,36,0
Mouse1,1,37,0
Mouse1,1,38,0
Mouse1,1,39,1
Mouse1,1,40,1
Mouse1,1,41,1
Mouse1,1,42,0
Mouse1,1,43,1
Mouse1,1,44,1
Mouse1,1,45,1
Mouse1,1,46,1
Mouse1,1,47,0
Mouse1,1,48,0
Mouse1,1,49,0
Mouse1,1,50,1
Mouse1,1,51,1
Mouse1,1,52,1
Mouse1,1,53,1
Mouse1,1,54,1
Mouse1,1,55,0
Mouse1,1,56,0
Mouse1,1,57,0
Mouse1,1,58,0
Mouse1,1,59,0
Mouse1,1,60,0
Mouse1,1,61,1
Mouse1,1,62,1
Mouse1,1,63,0
Mouse1,1,64,0
Mouse1,1,65,0
Mouse1,1,66,1
Mouse1,1,67,0
Mouse1,1,68,1
Mouse1,1,69,0
Mouse1,1,70,0
Mouse1,1,71,1
Mouse1,1,72,1
Mouse1,1,73,1
Mouse1,1,74,0
Mouse1,1,75,1
Mouse1,1,76,0
Mouse1,1,77,0
Mouse1,1,78,1
Mouse1,1,79,1
Mouse1,1,80,1
Mouse1,1,81,1
Mouse1,1,82,1
Mouse1,1,83,1
Mouse1,1,84,1
Mouse1,1,85,1
Mouse1,1,86,0
Mouse1,1,87,1
Mouse1,1,88,0
Mouse1,1,89,1
Mouse1,1,90,0
Mouse1,1,91,1
Mouse1,1,92,0
Mouse1,1,93,1
Mouse1,1,94,1
Mouse1,1,95,0
Mouse1,1,96,1
Mouse1,1,97,1
Mouse1,1,98,1
Mouse1,1,99,0
Mouse1,1,100,0
Mouse1,1,101,1
Mouse1,1,102,0
Mouse1,1,103,0
Mouse1,1,104,0
Mouse1,1,105,1
Mouse1,1,106,1
Mouse1,1,107,1
Mouse1,1,108,1
Mouse1,1,109,0
Mouse1,1,110,1
Mouse1,1,111,0
Mouse1,1,112,1
Mouse1,1,113,1
Mouse1,1,114,1
Mouse1,1,115,1
Mouse1,1,116,0
Mouse1,1,117,0
Mouse1,1,118,0
Mouse1,1,119,1
Mouse1,1,120,1
Mouse1,1,121,0
Mouse1,1,122,0
Mouse1,1,123,1
Mouse1,1,124,1
Mouse1,1,125,0
Mouse1,1,126,1
Mouse1,1,127,1
Mouse1,1,128,0
Mouse1,1,129,0
Mouse1,1,130,0
Mouse1,1,131,0
Mouse1,1,132,0
Mouse1,1,133,1
Mouse1,1,134,1
Mouse1,1,135,1
Mouse1,1,136,0
Mouse1,1,137,1
Mouse1,1,138,1
Mouse1,1,139,0
Mouse1,1,140,1
Mouse1,1,141,1
Mouse1,1,142,0
Mouse1,1,143,0
Mouse1,1,144,0
Mouse1,1,145,1
Mouse1,1,146,1
Mouse1,1,147,1
Mouse1,1,148,0
Mouse1,1,149,0
Mouse1,1,150,1
Mouse1,2,1,1
Mouse1,2,2,1
Mouse1,2,3,1
Mouse1,2,4,0
Mouse1,2,5,1
Mouse1,2,6,0
Mouse1,2,7,1
Mouse1,2,8,1
Mouse1,2,9,1
Mouse1,2,10,0
Mouse1,2,11,1
Mouse1,2,12,1
Mouse1,2,13,1
Mouse1,2,14,1
Mouse1,2,15,0
Mouse1,2,16,1
Mouse1,2,17,1
Mouse1,2,18,1
Mouse1,2,19,1
Mouse1,2,20,0
Mouse1,2,21,1
Mouse1,2,22,1
Mouse1,2,23,0
Mouse1,2,24,1
Mouse1,2,25,1
Mouse1,2,26,1
Mouse1,2,27,1
Mouse1,2,28,1
Mouse1,2,29,1
Mouse1,2,30,1
Mouse1,2,31,1
Mouse1,2,32,1
Mouse1,2,33,1
Mouse1,2,34,1
Mouse1,2,35,0
Mouse1,2,36,1
Mouse1,2,37,0
Mouse1,2,38,1
Mouse1,2,39,0
Mouse1,2,40,0
Mouse1,2,41,1
Mouse1,2,42,1
Mouse1,2,43,0
Mouse1,2,44,0
Mouse1,2,45,1
Mouse1,2,46,0
Mouse1,2,47,0
Mouse1,2,48,1
Mouse1,2,49,1
Mouse1,2,50,0
Mouse1,2,51,0
Mouse1,2,52,1
Mouse1,2,53,0
Mouse1,2,54,1
Mouse1,2,55,0
Mouse1,2,56,0
Mouse1,2,57,1
Mouse1,2,58,0
Mouse1,2,59,1
Mouse1,2,60,1
Mouse1,2,61,1
Mouse1,2,62,1
Mouse1,2,63,1
Mouse1,2,64,0
Mouse1,2,65,0
Mouse1,2,66,0
Mouse1,2,67,0
Mouse1,2,68,1
Mouse1,2,69,1
Mouse1,2,70,1
Mouse1,2,71,0
Mouse1,2,72,0
Mouse1,2,73,0
Mouse1,2,74,1
Mouse1,2,75,1
Mouse1,2,76,0
Mouse1,2,77,1
Mouse1,2,78,0
Mouse1,2,79,1
Mouse1,2,80,1
Mouse1,2,81,1
Mouse1,2,82,1
Mouse1,2,83,1
Mouse1,2,84,0
Mouse1,2,85,1
Mouse1,2,86,1
Mouse1,2,87,1
Mouse1,2,88,1
Mouse1,2,89,0
Mouse1,2,90,1
Mouse1,2,91,1
Mouse1,2,92,1
Mouse1,2,93,1
Mouse1,2,94,1
Mouse1,2,95,1
Mouse1,2,96,0
Mouse1,2,97,1
Mouse1,2,98,0
Mouse1,2,99,0
Mouse1,2,100,0
Mouse1,2,101,1
Mouse1,2,102,0
Mouse1,2,103,1
Mouse1,2,104,1
Mouse1,2,105,0
Mouse1,2,106,0
Mouse1,2,107,1
Mouse1,2,108,1
Mouse1,2,109,0
Mouse1,2,110,0
Mouse1,2,111,0
Mouse1,2,112,1
Mouse1,2,113,1
Mouse1,2,114,1
Mouse1,2,115,1
Mouse1,2,116,0
Mouse1,2,117,1
Mouse1,2,118,1
Mouse1,2,119,1
Mouse1,2,120,1
Mouse1,2,121,0
Mouse1,2,122,1
Mouse1,2,123,0
Mouse1,2,124,1
Mouse1,3,1,0
Mouse1,3,2,1
Mouse1,3,3,1
Mouse1,3,4,1
Mouse1,3,5,1
Mouse1,3,6,0
Mouse1,3,7,1
Mouse1,3,8,0
Mouse1,3,9,1
Mouse1,3,10,1
Mouse1,3,11,1
Mouse1,3,12,1
Mouse1,3,13,1
Mouse1,3,14,0
Mouse1,3,15,1
Mouse1,3,16,0
Mouse1,3,17,0
Mouse1,3,18,0
Mouse1,3,19,0
Mouse1,3,20,1
Mouse1,3,21,1
Mouse1,3,22,1
Mouse1,3,23,1
Mouse1,3,24,1
Mouse1,3,25,0
Mouse1,3,26,0
Mouse1,3,27,1
Mouse1,3,28,1
Mouse1,3,29,0
Mouse1,3,30,1
Mouse1,3,31,1
Mouse1,3,32,0
Mouse1,3,33,1
Mouse1,3,34,1
Mouse1,3,35,1
Mouse1,3,36,0
Mouse1,3,37,1
Mouse1,3,38,1
Mouse1,3,39,1
Mouse1,3,40,1
Mouse1,3,41,1
Mouse1,3,42,0
Mouse1,3,43,0
Mouse1,3,44,1
Mouse1,3,45,1
Mouse1,3,46,1
Mouse1,3,47,1
Mouse1,3,48,1
Mouse1,3,49,0
Mouse1,3,50,1
Mouse1,3,51,1
Mouse1,3,52,1
Mouse1,3,53,1
Mouse1,3,54,0
Mouse1,3,55,1
Mouse1,3,56,0
Mouse1,3,57,0
Mouse1,3,58,1
Mouse1,3,59,0
Mouse1,3,60,0
Mouse1,3,61,0
Mouse1,3,62,0
Mouse1,3,63,0
Mouse1,3,64,1
Mouse1,3,65,1
Mouse1,3,66,1
Mouse1,3,67,0
Mouse1,3,68,0
Mouse1,3,69,0
Mouse1,3,70,1
Mouse1,3,71,0
Mouse1,3,72,1
Mouse1,3,73,1
Mouse1,3,74,0
Mouse1,3,75,1
Mouse1,3,76,0
Mouse1,3,77,1
Mouse1,3,78,0
Mouse1,3,79,0
Mouse1,3,80,1
Mouse1,3,81,0
Mouse1,3,82,0
Mouse1,3,83,1
Mouse1,3,84,0
Mouse1,3,85,1
Mouse1,3,86,1
Mouse1,3,87,1
Mouse1,3,88,0
Mouse1,3,89,1
Mouse1,3,90,0
Mouse1,3,91,1
Mouse1,3,92,1
Mouse1,3,93,1
Mouse1,3,94,0
Mouse1,3,95,1
Mouse1,3,96,1
Mouse1,3,97,1
Mouse1,3,98,0
Mouse1,3,99,1
Mouse1,3,100,1
Mouse1,3,101,1
Mouse1,3,102,1
Mouse1,3,103,1
Mouse1,3,104,1
Mouse1,3,105,1
Mouse1,3,106,1
Mouse1,3,107,1
Mouse1,3,108,0
Mouse1,3,109,1
Mouse1,3,110,1
Mouse1,3,111,1
Mouse1,3,112,1
Mouse1,3,113,1
Mouse1,3,114,0
Mouse1,3,115,1
Mouse1,3,116,0
Mouse1,3,117,0
Mouse1,3,118,1
Mouse1,3,119,1
Mouse1,3,120,1
Mouse1,3,121,1
Mouse1,3,122,0
Mouse1,3,123,0
Mouse1,3,124,1
Mouse1,3,125,1
Mouse1,4,1,1
Mouse1,4,2,0
Mouse1,4,3,0
Mouse1,4,4,1
Mouse1,4,5,0
Mouse1,4,6,1
Mouse1,4,7,1
Mouse1,4,8,0
Mouse1,4,9,1
Mouse1,4,10,0
Mouse1,4,11,1
Mouse1,4,12,0
Mouse1,4,13,1
Mouse1,4,14,0
Mouse1,4,15,0
Mouse1,4,16,1
Mouse1,4,17,1
Mouse1,4,18,1
Mouse1,4,19,1
Mouse1,4,20,0
Mouse1,4,21,1
Mouse1,4,22,1
Mouse1,4,23,1
Mouse1,4,24,1
Mouse1,4,25,0
Mouse1,4,26,1
Mouse1,4,27,1
Mouse1,4,28,0
Mouse1,4,29,1
Mouse1,4,30,1
Mouse1,4,31,1
Mouse1,4,32,1
Mouse1,4,33,0
Mouse1,4,34,1
Mouse1,4,35,0
Mouse1,4,36,0
Mouse1,4,37,1
Mouse1,4,38,0
Mouse1,4,39,0
Mouse1,4,40,0
Mouse1,4,41,1
Mouse1,4,42,0
Mouse1,4,43,1
Mouse1,4,44,0
Mouse1,4,45,1
Mouse1,4,46,1
Mouse1,4,47,1
Mouse1,4,48,0
Mouse1,4,49,0
Mouse1,4,50,0
Mouse1,4,51,0
Mouse1,4,52,1
Mouse1,4,53,1
Mouse1,4,54,0
Mouse1,4,55,1
Mouse1,4,56,1
Mouse1,4,57,1
Mouse1,4,58,0
Mouse1,4,59,0
Mouse1,4,60,0
Mouse1,4,61,1
Mouse1,4,62,1
Mouse1,4,63,0
Mouse1,4,64,1
Mouse1,4,65,1
Mouse1,4,66,1
Mouse1,4,67,1
Mouse1,4,68,1
Mouse1,4,69,1
Mouse1,4,70,0
Mouse1,4,71,0
Mouse1,4,72,0
Mouse1,4,73,0
Mouse1,4,74,0
Mouse1,4,75,1
Mouse1,4,76,1
Mouse1,4,77,1
Mouse1,4,78,1
Mouse1,4,79,1
Mouse1,4,80,1
Mouse1,4,81,1
Mouse1,4,82,1
Mouse1,4,83,1
Mouse1,4,84,1
Mouse1,4,85,1
Mouse1,4,86,1
Mouse1,4,87,1
Mouse1,4,88,1
Mouse1,4,89,1
Mouse1,4,90,0
Mouse1,4,91,1
Mouse1,4,92,1
Mouse1,4,93,1
Mouse1,4,94,0
Mouse1,4,95,1
Mouse1,4,96,0
Mouse1,4,97,1
Mouse1,4,98,0
Mouse1,4,99,1
Mouse1,4,100,1
Mouse1,4,101,1
Mouse1,4,102,0
Mouse1,4,103,1
Mouse1,4,104,1
Mouse1,4,105,1
Mouse1,4,106,1
Mouse1,4,107,1
Mouse1,4,108,1
Mouse1,4,109,1
Mouse1,4,110,0
Mouse1,4,111,0
Mouse1,4,112,1
Mouse1,4,113,0
Mouse1,4,114,1
Mouse1,4,115,1
Mouse1,4,116,1
Mouse1,4,117,0
Mouse1,4,118,1
Mouse1,4,119,1
Mouse1,4,120,1
Mouse1,4,121,1
Mouse1,4,122,0
Mouse1,4,123,0
Mouse1,4,124,1
Mouse1,5,1,1
Mouse1,5,2,1
Mouse1,5,3,1
Mouse1,5,4,1
Mouse1,5,5,1
Mouse1,5,6,0
Mouse1,5,7,0
Mouse1,5,8,1
Mouse1,5,9,1
Mouse1,5,10,0
Mouse1,5,11,1
Mouse1,5,12,1
Mouse1,5,13,1
Mouse1,5,14,1
Mouse1,5,15,1
Mouse1,5,16,1
Mouse1,5,17,0
Mouse1,5,18,1
Mouse1,5,19,1
Mouse1,5,20,1
Mouse1,5,21,1
Mouse1,5,22,1
Mouse1,5,23,1
Mouse1,5,24,1
Mouse1,5,25,1
Mouse1,5,26,1
Mouse1,5,27,1
Mouse1,5,28,1
Mouse1,5,29,1
Mouse1,5,30,0
Mouse1,5,31,1
Mouse1,5,32,1
Mouse1,5,33,1
Mouse1,5,34,0
Mouse1,5,35,1
Mouse1,5,36,1
Mouse1,5,37,1
Mouse1,5,38,1
Mouse1,5,39,0
Mouse1,5,40,1
Mouse1,5,41,1
Mouse1,5,42,0
Mouse1,5,43,1
Mouse1,5,44,1
Mouse1,5,45,1
Mouse1,5,46,1
Mouse1,5,47,0
Mouse1,5,48,0
Mouse1,5,49,1
Mouse1,5,50,1
Mouse1,5,51,0
Mouse1,5,52,0
Mouse1,5,53,1
Mouse1,5,54,1
Mouse1,5,55,0
Mouse1,5,56,1
Mouse1,5,57,1
Mouse1,5,58,1
Mouse1,5,59,1
Mouse1,5,60,0
Mouse1,5,61,1
Mouse1,5,62,1
Mouse1,5,63,0
Mouse1,5,64,1
Mouse1,5,65,0
Mouse1,5,66,0
Mouse1,5,67,0
Mouse1,5,68,0
Mouse1,5,69,0
Mouse1,5,70,1
Mouse1,5,71,1
Mouse1,5,72,1
Mouse1,5,73,1
Mouse1,5,74,1
Mouse1,5,75,1
Mouse1,5,76,0
Mouse1,5,77,1
Mouse1,5,78,1
Mouse1,5,79,1
Mouse1,5,80,0
Mouse1,5,81,1
Mouse1,5,82,1
Mouse1,5,83,1
Mouse1,5,84,1
Mouse1,5,85,0
Mouse1,5,86,1
Mouse1,5,87,1
Mouse1,5,88,1
Mouse1,5,89,1
Mouse1,5,90,0
Mouse1,5,91,1
Mouse1,5,92,1
Mouse1,5,93,1
Mouse1,5,94,1
Mouse1,5,95,1
Mouse1,5,96,0
Mouse1,5,97,1
Mouse1,5,98,1
Mouse1,5,99,0
Mouse1,5,100,1
Mouse1,5,101,1
Mouse1,5,102,1
Mouse1,5,103,0
Mouse1,5,104,0
Mouse1,5,105,1
Mouse1,5,106,1
Mouse1,5,107,1
Mouse1,5,108,1
Mouse2,1,1,1
Mouse2,1,2,0
Mouse2,1,3,0
Mouse2,1,4,0
Mouse2,1,5,0
Mouse2,1,6,0
Mouse2,1,7,0
Mouse2,1,8,1
Mouse2,1,9,1
Mouse2,1,10,1
Mouse2,1,11,0
Mouse2,1,12,1
Mouse2,1,13,1
Mouse2,1,14,0
Mouse2,1,15,1
Mouse2,1,16,0
Mouse2,1,17,1
Mouse2,1,18,1
Mouse2,1,19,1
Mouse2,1,20,1
Mouse2,1,21,0
Mouse2,1,22,1
Mouse2,1,23,0
Mouse2,1,24,1
Mouse2,1,25,0
Mouse2,1,26,0
Mouse2,1,27,0
Mouse2,1,28,0
Mouse2,1,29,0
Mouse2,1,30,0
Mouse2,1,31,0
Mouse2,1,32,1
Mouse2,1,33,1
Mouse2,1,34,0
Mouse2,1,35,1
Mouse2,1,36,1
Mouse2,1,37,0
Mouse2,1,38,1
Mouse2,1,39,0
Mouse2,1,40,0
Mouse2,1,41,0
Mouse2,1,42,0
Mouse2,1,43,0
Mouse2,1,44,1
Mouse2,1,45,0
Mouse2,1,46,0
Mouse2,1,47,0
Mouse2,1,48,0
Mouse2,1,49,1
Mouse2,1,50,0
Mouse2,1,51,1
Mouse2,1,52,1
Mouse2,1,53,0
Mouse2,1,54,1
Mouse2,1,55,0
Mouse2,1,56,0
Mouse2,1,57,1
Mouse2,1,58,1
Mouse2,1,59,1
Mouse2,1,60,1
Mouse2,1,61,1
Mouse2,1,62,1
Mouse2,1,63,0
Mouse2,1,64,1
Mouse2,1,65,1
Mouse2,1,66,0
Mouse2,1,67,1
Mouse2,1,68,1
Mouse2,1,69,1
Mouse2,1,70,0
Mouse2,1,71,0
Mouse2,1,72,0
Mouse2,1,73,0
Mouse2,1,74,0
Mouse2,1,75,0
Mouse2,1,76,1
Mouse2,1,77,0
Mouse2,1,78,0
Mouse2,1,79,0
Mouse2,1,80,0
Mouse2,1,81,1
Mouse2,1,82,1
Mouse2,1,83,0
Mouse2,1,84,1
Mouse2,1,85,0
Mouse2,1,86,1
Mouse2,1,87,1
Mouse2,1,88,1
Mouse2,1,89,0
Mouse2,1,90,1
Mouse2,1,91,0
Mouse2,1,92,1
Mouse2,1,93,0
Mouse2,1,94,0
Mouse2,1,95,1
Mouse2,1,96,1
Mouse2,1,97,0
Mouse2,1,98,1
Mouse2,1,99,1
Mouse2,1,100,1
Mouse2,1,101,0
Mouse2,1,102,1
Mouse2,1,103,1
Mouse2,1,104,1
Mouse2,1,105,1
Mouse2,1,106,1
Mouse2,1,107,0
Mouse2,1,108,1
Mouse2,1,109,1
Mouse2,1,110,1
Mouse2,1,111,0
Mouse2,1,112,1
Mouse2,1,113,0
Mouse2,1,114,0
Mouse2,1,115,0
Mouse2,1,116,0
Mouse2,1,117,0
Mouse2,1,118,1
Mouse2,1,119,0
Mouse2,1,120,1
Mouse2,1,121,1
Mouse2,1,122,1
Mouse2,1,123,1
Mouse2,1,124,1
Mouse2,1,125,1
Mouse2,1,126,0
Mouse2,1,127,1
Mouse2,1,128,1
Mouse2,1,129,1
Mouse2,1,130,1
Mouse2,1,131,0
Mouse2,1,132,1
Mouse2,1,133,1
Mouse2,1,134,0
Mouse2,1,135,0
Mouse2,1,136,1
Mouse2,1,137,1
Mouse2,1,138,1
Mouse2,1,139,1
Mouse2,1,140,1
Mouse2,1,141,0
Mouse2,1,142,1
Mouse2,1,143,1
Mouse2,1,144,1
Mouse2,1,145,0
Mouse2,1,146,1
Mouse2,1,147,1
Mouse2,2,1,0
Mouse2,2,2,1
Mouse2,2,3,1
Mouse2,2,4,0
Mouse2,2,5,1
Mouse2,2,6,1
Mouse2,2,7,0
Mouse2,2,8,0
Mouse2,2,9,1
Mouse2,2,10,1
Mouse2,2,11,0
Mouse2,2,12,1
Mouse2,2,13,0
Mouse2,2,14,0
Mouse2,2,15,1
Mouse2,2,16,1
Mouse2,2,17,1
Mouse2,2,18,0
Mouse2,2,19,1
Mouse2,2,20,1
Mouse2,2,21,0
Mouse2,2,22,1
Mouse2,2,23,0
Mouse2,2,24,1
Mouse2,2,25,1
Mouse2,2,26,0
Mouse2,2,27,1
Mouse2,2,28,0
Mouse2,2,29,1
Mouse2,2,30,1
Mouse2,2,31,1
Mouse2,2,32,1
Mouse2,2,33,1
Mouse2,2,34,1
Mouse2,2,35,1
Mouse2,2,36,1
Mouse2,2,37,1
Mouse2,2,38,1
Mouse2,2,39,1
Mouse2,2,40,1
Mouse2,2,41,1
Mouse2,2,42,0
Mouse2,2,43,1
Mouse2,2,44,1
Mouse2,2,45,0
Mouse2,2,46,1
Mouse2,2,47,0
Mouse2,2,48,1
Mouse2,2,49,1
Mouse2,2,50,1
Mouse2,2,51,1
Mouse2,2,52,1
Mouse2,2,53,1
Mouse2,2,54,0
Mouse2,2,55,0
Mouse2,2,56,0
Mouse2,2,57,1
Mouse2,2,58,1
Mouse2,2,59,0
Mouse2,2,60,1
Mouse2,2,61,0
Mouse2,2,62,1
Mouse2,2,63,1
Mouse2,2,64,0
Mouse2,2,65,0
Mouse2,2,66,1
Mouse2,2,67,0
Mouse2,2,68,0
Mouse2,2,69,0
Mouse2,2,70,1
Mouse2,2,71,0
Mouse2,2,72,1
Mouse2,2,73,0
Mouse2,2,74,1
Mouse2,2,75,1
Mouse2,2,76,1
Mouse2,2,77,0
Mouse2,2,78,1
Mouse2,2,79,1
Mouse2,2,80,1
Mouse2,2,81,0
Mouse2,2,82,1
Mouse2,2,83,1
Mouse2,2,84,0
Mouse2,2,85,1
Mouse2,2,86,1
Mouse2,2,87,1
Mouse2,2,88,1
Mouse2,2,89,0
Mouse2,2,90,1
Mouse2,2,91,1
Mouse2,2,92,1
Mouse2,2,93,0
Mouse2,2,94,0
Mouse2,2,95,0
Mouse2,2,96,1
Mouse2,2,97,0
Mouse2,2,98,0
Mouse2,2,99,0
Mouse2,2,100,1
Mouse2,2,101,1
Mouse2,2,102,1
Mouse2,2,103,0
Mouse2,2,104,1
Mouse2,2,105,1
Mouse2,2,106,0
Mouse2,2,107,1
Mouse2,2,108,1
Mouse2,2,109,0
Mouse2,2,110,0
Mouse2,2,111,1
Mouse2,2,112,0
Mouse2,2,113,1
Mouse2,2,114,1
Mouse2,2,115,1
Mouse2,2,116,0
Mouse2,2,117,0
Mouse2,2,118,0
Mouse2,2,119,0
Mouse2,2,120,1
Mouse2,2,121,1
Mouse2,2,122,1
Mouse2,2,123,0
Mouse2,2,124,0
Mouse2,2,125,1
Mouse2,2,126,1
Mouse2,2,127,1
Mouse2,2,128,1
Mouse2,3,1,1
Mouse2,3,2,1
Mouse2,3,3,0
Mouse2,3,4,0
Mouse2,3,5,1
Mouse2,3,6,0
Mouse2,3,7,0
Mouse2,3,8,1
Mouse2,3,9,1
Mouse2,3,10,0
Mouse2,3,11,1
Mouse2,3,12,1
Mouse2,3,13,1
Mouse2,3,14,0
Mouse2,3,15,1
Mouse2,3,16,1
Mouse2,3,17,0
Mouse2,3,18,1
Mouse2,3,19,0
Mouse2,3,20,1
Mouse2,3,21,1
Mouse2,3,22,0
Mouse2,3,23,1
Mouse2,3,24,1
Mouse2,3,25,1
Mouse2,3,26,0
Mouse2,3,27,0
Mouse2,3,28,0
Mouse2,3,29,1
Mouse2,3,30,1
Mouse2,3,31,1
Mouse2,3,32,0
Mouse2,3,33,0
Mouse2,3,34,1
Mouse2,3,35,1
Mouse2,3,36,0
Mouse2,3,37,1
Mouse2,3,38,0
Mouse2,3,39,1
Mouse2,3,40,0
Mouse2,3,41,1
Mouse2,3,42,1
Mouse2,3,43,1
Mouse2,3,44,0
Mouse2,3,45,1
Mouse2,3,46,0
Mouse2,3,47,0
Mouse2,3,48,1
Mouse2,3,49,1
Mouse2,3,50,0
Mouse2,3,51,0
Mouse2,3,52,1
Mouse2,3,53,1
Mouse2,3,54,0
Mouse2,3,55,1
Mouse2,3,56,0
Mouse2,3,57,0
Mouse2,3,58,1
Mouse2,3,59,1
Mouse2,3,60,1
Mouse2,3,61,1
Mouse2,3,62,0
Mouse2,3,63,0
Mouse2,3,64,1
Mouse2,3,65,1
Mouse2,3,66,1
Mouse2,3,67,1
Mouse2,3,68,0
Mouse2,3,69,0
Mouse2,3,70,0
Mouse2,3,71,1
Mouse2,3,72,1
Mouse2,3,73,1
Mouse2,3,74,1
Mouse2,3,75,0
Mouse2,3,76,1
Mouse2,3,77,0
Mouse2,3,78,1
Mouse2,3,79,0
Mouse2,3,80,1
Mouse2,3,81,0
Mouse2,3,82,1
Mouse2,3,83,1
Mouse2,3,84,1
Mouse2,3,85,1
Mouse2,3,86,1
Mouse2,3,87,1
Mouse2,3,88,1
Mouse2,3,89,1
Mouse2,3,90,1
Mouse2,3,91,1
Mouse2,3,92,0
Mouse2,3,93,1
Mouse2,3,94,0
Mouse2,3,95,1
Mouse2,3,96,0
Mouse2,3,97,1
Mouse2,3,98,1
Mouse2,3,99,1
Mouse2,3,100,1
Mouse2,3,101,1
Mouse2,3,102,1
Mouse2,3,103,0
Mouse2,3,104,1
Mouse2,3,105,1
Mouse2,3,106,1
Mouse2,3,107,0
Mouse2,3,108,1
Mouse2,3,109,0
Mouse2,3,110,1
Mouse2,3,111,1
Mouse2,3,112,1
Mouse2,3,113,1
Mouse2,3,114,1
Mouse2,3,115,1
Mouse2,3,116,0
Mouse2,3,117,1
Mouse2,3,118,0
Mouse2,3,119,1
Mouse2,3,120,1
Mouse2,3,121,1
Mouse2,3,122,1
Mouse2,4,1,0
Mouse2,4,2,1
Mouse2,4,3,1
Mouse2,4,4,1
Mouse2,4,5,1
Mouse2,4,6,1
Mouse2,4,7,1
Mouse2,4,8,1
Mouse2,4,9,1
Mouse2,4,10,1
Mouse2,4,11,0
Mouse2,4,12,0
Mouse2,4,13,1
Mouse2,4,14,1
Mouse2,4,15,1
Mouse2,4,16,1
Mouse2,4,17,1
Mouse2,4,18,0
Mouse2,4,19,0
Mouse2,4,20,0
Mouse2,4,21,1
Mouse2,4,22,1
Mouse2,4,23,1
Mouse2,4,24,1
Mouse2,4,25,1
Mouse2,4,26,1
Mouse2,4,27,1
Mouse2,4,28,1
Mouse2,4,29,1
Mouse2,4,30,1
Mouse2,4,31,1
Mouse2,4,32,1
Mouse2,4,33,1
Mouse2,4,34,1
Mouse2,4,35,1
Mouse2,4,36,0
Mouse2,4,37,0
Mouse2,4,38,1
Mouse2,4,39,1
Mouse2,4,40,0
Mouse2,4,41,1
Mouse2,4,42,1
Mouse2,4,43,0
Mouse2,4,44,1
Mouse2,4,45,1
Mouse2,4,46,1
Mouse2,4,47,1
Mouse2,4,48,1
Mouse2,4,49,1
Mouse2,4,50,1
Mouse2,4,51,0
Mouse2,4,52,1
Mouse2,4,53,1
Mouse2,4,54,1
Mouse2,4,55,1
Mouse2,4,56,1
Mouse2,4,57,1
Mouse2,4,58,1
Mouse2,4,59,1
Mouse2,4,60,1
Mouse2,4,61,0
Mouse2,4,62,0
Mouse2,4,63,1
Mouse2,4,64,1
Mouse2,4,65,1
Mouse2,4,66,1
Mouse2,4,67,1
Mouse2,4,68,1
Mouse2,4,69,1
Mouse2,4,70,0
Mouse2,4,71,1
Mouse2,4,72,1
Mouse2,4,73,1
Mouse2,4,74,1
Mouse2,4,75,1
Mouse2,4,76,1
Mouse2,4,77,0
Mouse2,4,78,1
Mouse2,4,79,0
Mouse2,4,80,1
Mouse2,4,81,1
Mouse2,4,82,1
Mouse2,4,83,1
Mouse2,4,84,1
Mouse2,4,85,1
Mouse2,4,86,0
Mouse2,4,87,0
Mouse2,4,88,1
Mouse2,4,89,0
Mouse2,4,90,0
Mouse2,4,91,1
Mouse2,4,92,1
Mouse2,4,93,1
Mouse2,4,94,1
Mouse2,4,95,1
Mouse2,4,96,1
Mouse2,4,97,1
Mouse2,4,98,1
Mouse2,4,99,0
Mouse2,4,100,1
Mouse2,4,101,1
Mouse2,5,1,1
Mouse2,5,2,0
Mouse2,5,3,1
Mouse2,5,4,1
Mouse2,5,5,1
Mouse2,5,6,0
Mouse2,5,7,1
Mouse2,5,8,0
Mouse2,5,9,1
Mouse2,5,10,0
Mouse2,5,11,1
Mouse2,5,12,1
Mouse2,5,13,1
Mouse2,5,14,1
Mouse2,5,15,1
Mouse2,5,16,1
Mouse2,5,17,1
Mouse2,5,18,1
Mouse2,5,19,0
Mouse2,5,20,1
Mouse2,5,21,1
Mouse2,5,22,1
Mouse2,5,23,1
Mouse2,5,24,1
Mouse2,5,25,1
Mouse2,5,26,1
Mouse2,5,27,0
Mouse2,5,28,1
Mouse2,5,29,1
Mouse2,5,30,1
Mouse2,5,31,1
Mouse2,5,32,1
Mouse2,5,33,0
Mouse2,5,34,0
Mouse2,5,35,0
Mouse2,5,36,1
Mouse2,5,37,1
Mouse2,5,38,1
Mouse2,5,39,1
Mouse2,5,40,1
Mouse2,5,41,1
Mouse2,5,42,0
Mouse2,5,43,1
Mouse2,5,44,1
Mouse2,5,45,1
Mouse2,5,46,0
Mouse2,5,47,0
Mouse2,5,48,1
Mouse2,5,49,1
Mouse2,5,50,1
Mouse2,5,51,1
Mouse2,5,52,1
Mouse2,5,53,1
Mouse2,5,54,1
Mouse2,5,55,1
Mouse2,5,56,0
Mouse2,5,57,1
Mouse2,5,58,0
Mouse2,5,59,1
Mouse2,5,60,1
Mouse2,5,61,0
Mouse2,5,62,1
Mouse2,5,63,0
Mouse2,5,64,1
Mouse2,5,65,0
Mouse2,5,66,1
Mouse2,5,67,1
Mouse2,5,68,0
Mouse2,5,69,1
Mouse2,5,70,1
Mouse2,5,71,1
Mouse2,5,72,0
Mouse2,5,73,1
Mouse2,5,74,1
Mouse2,5,75,1
Mouse2,5,76,1
Mouse2,5,77,1
Mouse2,5,78,0
Mouse2,5,79,0
Mouse2,5,80,1
Mouse2,5,81,0
Mouse2,5,82,1
Mouse2,5,83,0
Mouse2,5,84,1
Mouse2,5,85,1
Mouse2,5,86,1
Mouse2,5,87,1
Mouse2,5,88,0
Mouse2,5,89,1
Mouse2,5,90,1
Mouse2,5,91,0
Mouse2,5,92,1
Mouse2,5,93,1
Mouse2,5,94,1
Mouse2,5,95,0
Mouse2,5,96,0
Mouse2,5,97,0
Mouse2,5,98,0
Mouse2,5,99,0
Mouse2,5,100,0
Mouse2,5,101,0
Mouse2,5,102,1
Mouse2,5,103,1
Mouse2,5,104,1
Mouse2,5,105,0
Mouse2,5,106,1
Mouse2,5,107,0
Mouse2,5,108,1
Mouse2,5,109,1
Mouse2,5,110,1
Mouse2,5,111,0
Mouse2,5,112,1
Mouse2,5,113,0
Mouse2,5,114,0
Mouse2,5,115,1
Mouse2,5,116,1
Mouse2,5,117,1
Mouse3,1,1,1
Mouse3,1,2,0
Mouse3,1,3,1
Mouse3,1,4,0
Mouse3,1,5,1
Mouse3,1,6,1
Mouse3,1,7,1
Mouse3,1,8,0
Mouse3,1,9,1
Mouse3,1,10,0
Mouse3,1,11,0
Mouse3,1,12,0
Mouse3,1,13,1
Mouse3,1,14,0
Mouse3,1,15,1
Mouse3,1,16,0
Mouse3,1,17,1
Mouse3,1,18,0
Mouse3,1,19,0
Mouse3,1,20,1
Mouse3,1,21,0
Mouse3,1,22,0
Mouse3,1,23,1
Mouse3,1,24,0
Mouse3,1,25,1
Mouse3,1,26,1
Mouse3,1,27,0
Mouse3,1,28,0
Mouse3,1,29,0
Mouse3,1,30,0
Mouse3,1,31,0
Mouse3,1,32,0
Mouse3,1,33,0
Mouse3,1,34,1
Mouse3,1,35,0
Mouse3,1,36,0
Mouse3,1,37,1
Mouse3,1,38,1
Mouse3,1,39,1
Mouse3,1,40,1
Mouse3,1,41,1
Mouse3,1,42,0
Mouse3,1,43,1
Mouse3,1,44,1
Mouse3,1,45,1
Mouse3,1,46,1
Mouse3,1,47,1
Mouse3,1,48,0
Mouse3,1,49,1
Mouse3,1,50,1
Mouse3,1,51,1
Mouse3,1,52,1
Mouse3,1,53,1
Mouse3,1,54,0
Mouse3,1,55,0
Mouse3,1,56,1
Mouse3,1,57,1
Mouse3,1,58,1
Mouse3,1,59,1
Mouse3,1,60,0
Mouse3,1,61,0
Mouse3,1,62,0
Mouse3,1,63,1
Mouse3,1,64,1
Mouse3,1,65,1
Mouse3,1,66,1
Mouse3,1,67,0
Mouse3,1,68,1
Mouse3,1,69,1
Mouse3,1,70,0
Mouse3,1,71,1
Mouse3,1,72,1
Mouse3,1,73,0
Mouse3,1,74,0
Mouse3,1,75,1
Mouse3,1,76,0
Mouse3,1,77,0
Mouse3,1,78,0
Mouse3,1,79,0
Mouse3,1,80,1
Mouse3,1,81,1
Mouse3,1,82,1
Mouse3,1,83,1
Mouse3,1,84,1
Mouse3,1,85,1
Mouse3,1,86,1
Mouse3,1,87,0
Mouse3,1,88,1
Mouse3,1,89,1
Mouse3,1,90,0
Mouse3,1,91,1
Mouse3,1,92,0
Mouse3,1,93,1
Mouse3,1,94,0
Mouse3,1,95,1
Mouse3,1,96,0
Mouse3,1,97,1
Mouse3,1,98,1
Mouse3,1,99,0
Mouse3,1,100,1
Mouse3,1,101,0
Mouse3,1,102,1
Mouse3,1,103,0
Mouse3,1,104,1
Mouse3,1,105,0
Mouse3,1,106,1
Mouse3,1,107,1
Mouse3,1,108,1
Mouse3,1,109,0
Mouse3,1,110,1
Mouse3,1,111,1
Mouse3,1,112,0
Mouse3,1,113,0
Mouse3,1,114,0
Mouse3,1,115,0
Mouse3,1,116,0
Mouse3,1,117,0
Mouse3,1,118,0
Mouse3,1,119,1
Mouse3,1,120,0
Mouse3,1,121,0
Mouse3,1,122,0
Mouse3,1,123,0
Mouse3,1,124,1
Mouse3,1,125,1
Mouse3,1,126,1
Mouse3,1,127,0
Mouse3,1,128,1
Mouse3,1,129,1
Mouse3,1,130,0
Mouse3,1,131,0
Mouse3,1,132,1
Mouse3,1,133,1
Mouse3,1,134,0
Mouse3,1,135,1
Mouse3,1,136,1
Mouse3,1,137,0
Mouse3,1,138,1
Mouse3,1,139,0
Mouse3,1,140,0
Mouse3,1,141,0
Mouse3,1,142,0
Mouse3,1,143,1
Mouse3,1,144,0
Mouse3,1,145,0
Mouse3,1,146,0
Mouse3,1,147,0
Mouse3,1,148,1
Mouse3,1,149,1
Mouse3,1,150,0
Mouse3,1,151,0
Mouse3,1,152,1
Mouse3,1,153,0
Mouse3,1,154,0
Mouse3,1,155,1
Mouse3,2,1,1
Mouse3,2,2,0
Mouse3,2,3,1
Mouse3,2,4,1
Mouse3,2,5,1
Mouse3,2,6,1
Mouse3,2,7,1
Mouse3,2,8,0
Mouse3,2,9,0
Mouse3,2,10,1
Mouse3,2,11,0
Mouse3,2,12,1
Mouse3,2,13,1
Mouse3,2,14,0
Mouse3,2,15,1
Mouse3,2,16,0
Mouse3,2,17,1
Mouse3,2,18,1
Mouse3,2,19,1
Mouse3,2,20,1
Mouse3,2,21,1
Mouse3,2,22,0
Mouse3,2,23,1
Mouse3,2,24,0
Mouse3,2,25,0
Mouse3,2,26,0
Mouse3,2,27,1
Mouse3,2,28,1
Mouse3,2,29,0
Mouse3,2,30,1
Mouse3,2,31,1
Mouse3,2,32,0
Mouse3,2,33,0
Mouse3,2,34,0
Mouse3,2,35,1
Mouse3,2,36,0
Mouse3,2,37,1
Mouse3,2,38,1
Mouse3,2,39,1
Mouse3,2,40,1
Mouse3,2,41,0
Mouse3,2,42,1
Mouse3,2,43,1
Mouse3,2,44,0
Mouse3,2,45,0
Mouse3,2,46,0
Mouse3,2,47,1
Mouse3,2,48,1
Mouse3,2,49,1
Mouse3,2,50,0
Mouse3,2,51,1
Mouse3,2,52,0
Mouse3,2,53,1
Mouse3,2,54,0
Mouse3,2,55,1
Mouse3,2,56,0
Mouse3,2,57,1
Mouse3,2,58,0
Mouse3,2,59,1
Mouse3,2,60,0
Mouse3,2,61,1
Mouse3,2,62,1
Mouse3,2,63,1
Mouse3,2,64,1
Mouse3,2,65,0
Mouse3,2,66,1
Mouse3,2,67,0
Mouse3,2,68,1
Mouse3,2,69,0
Mouse3,2,70,0
Mouse3,2,71,1
Mouse3,2,72,0
Mouse3,2,73,1
Mouse3,2,74,1
Mouse3,2,75,1
Mouse3,2,76,0
Mouse3,2,77,1
Mouse3,2,78,0
Mouse3,2,79,1
Mouse3,2,80,0
Mouse3,2,81,0
Mouse3,2,82,0
Mouse3,2,83,0
Mouse3,2,84,1
Mouse3,2,85,1
Mouse3,2,86,1
Mouse3,2,87,0
Mouse3,2,88,0
Mouse3,2,89,1
Mouse3,2,90,1
Mouse3,2,91,0
Mouse3,2,92,1
Mouse3,2,93,0
Mouse3,2,94,0
Mouse3,2,95,1
Mouse3,2,96,1
Mouse3,2,97,1
Mouse3,2,98,0
Mouse3,2,99,0
Mouse3,2,100,0
Mouse3,2,101,1
Mouse3,2,102,1
Mouse3,2,103,0
Mouse3,2,104,1
Mouse3,2,105,1
Mouse3,2,106,1
Mouse3,2,107,0
Mouse3,2,108,1
Mouse3,2,109,1
Mouse3,2,110,1
Mouse3,2,111,0
Mouse3,2,112,0
Mouse3,2,113,0
Mouse3,2,114,1
Mouse3,2,115,1
Mouse3,2,116,0
Mouse3,2,117,0
Mouse3,2,118,1
Mouse3,2,119,1
Mouse3,2,120,1
Mouse3,2,121,0
Mouse3,2,122,0
Mouse3,2,123,1
Mouse3,2,124,1
Mouse3,2,125,1
Mouse3,2,126,0
Mouse3,2,127,1
Mouse3,2,128,0
Mouse3,2,129,1
Mouse3,2,130,1
Mouse3,2,131,1
Mouse3,2,132,1
Mouse3,2,133,1
Mouse3,2,134,0
Mouse3,2,135,1
Mouse3,2,136,0
Mouse3,2,137,1
Mouse3,3,1,1
Mouse3,3,2,0
Mouse3,3,3,0
Mouse3,3,4,1
Mouse3,3,5,1
Mouse3,3,6,1
Mouse3,3,7,1
Mouse3,3,8,1
Mouse3,3,9,0
Mouse3,3,10,0
Mouse3,3,11,1
Mouse3,3,12,1
Mouse3,3,13,1
Mouse3,3,14,1
Mouse3,3,15,1
Mouse3,3,16,0
Mouse3,3,17,1
Mouse3,3,18,1
Mouse3,3,19,0
Mouse3,3,20,0
Mouse3,3,21,1
Mouse3,3,22,0
Mouse3,3,23,1
Mouse3,3,24,0
Mouse3,3,25,0
Mouse3,3,26,0
Mouse3,3,27,1
Mouse3,3,28,0
Mouse3,3,29,1
Mouse3,3,30,0
Mouse3,3,31,0
Mouse3,3,32,0
Mouse3,3,33,0
Mouse3,3,34,1
Mouse3,3,35,0
Mouse3,3,36,1
Mouse3,3,37,0
Mouse3,3,38,1
Mouse3,3,39,1
Mouse3,3,40,1
Mouse3,3,41,0
Mouse3,3,42,1
Mouse3,3,43,0
Mouse3,3,44,1
Mouse3,3,45,1
Mouse3,3,46,1
Mouse3,3,47,1
Mouse3,3,48,0
Mouse3,3,49,0
Mouse3,3,50,1
Mouse3,3,51,1
Mouse3,3,52,0
Mouse3,3,53,0
Mouse3,3,54,1
Mouse3,3,55,1
Mouse3,3,56,1
Mouse3,3,57,1
Mouse3,3,58,1
Mouse3,3,59,1
Mouse3,3,60,1
Mouse3,3,61,1
Mouse3,3,62,1
Mouse3,3,63,0
Mouse3,3,64,1
Mouse3,3,65,1
Mouse3,3,66,1
Mouse3,3,67,0
Mouse3,3,68,1
Mouse3,3,69,1
Mouse3,3,70,0
Mouse3,3,71,1
Mouse3,3,72,1
Mouse3,3,73,0
Mouse3,3,74,1
Mouse3,3,75,0
Mouse3,3,76,1
Mouse3,3,77,1
Mouse3,3,78,1
Mouse3,3,79,0
Mouse3,3,80,1
Mouse3,3,81,1
Mouse3,3,82,0
Mouse3,3,83,1
Mouse3,3,84,0
Mouse3,3,85,0
Mouse3,3,86,1
Mouse3,3,87,1
Mouse3,3,88,1
Mouse3,3,89,1
Mouse3,3,90,1
Mouse3,3,91,0
Mouse3,3,92,1
Mouse3,3,93,0
Mouse3,3,94,1
Mouse3,3,95,0
Mouse3,3,96,1
Mouse3,3,97,0
Mouse3,3,98,1
Mouse3,3,99,0
Mouse3,3,100,1
Mouse3,3,101,0
Mouse3,3,102,1
Mouse3,3,103,0
Mouse3,3,104,1
Mouse3,3,105,1
Mouse3,3,106,1
Mouse3,3,107,0
Mouse3,3,108,1
Mouse3,3,109,1
Mouse3,3,110,1
Mouse3,3,111,0
Mouse3,3,112,1
Mouse3,3,113,1
Mouse3,3,114,1
Mouse3,3,115,1
Mouse3,3,116,0
Mouse3,3,117,0
Mouse3,3,118,1
Mouse3,3,119,1
Mouse3,3,120,1
Mouse3,3,121,1
Mouse3,3,122,0
Mouse3,3,123,1
Mouse3,3,124,0
Mouse3,3,125,0
Mouse3,3,126,1
Mouse3,3,127,1
Mouse3,4,1,1
Mouse3,4,2,1
Mouse3,4,3,1
Mouse3,4,4,0
Mouse3,4,5,1
Mouse3,4,6,1
Mouse3,4,7,1
Mouse3,4,8,1
Mouse3,4,9,1
Mouse3,4,10,1
Mouse3,4,11,1
Mouse3,4,12,0
Mouse3,4,13,1
Mouse3,4,14,1
Mouse3,4,15,1
Mouse3,4,16,1
Mouse3,4,17,0
Mouse3,4,18,0
Mouse3,4,19,0
Mouse3,4,20,1
Mouse3,4,21,1
Mouse3,4,22,1
Mouse3,4,23,1
Mouse3,4,24,1
Mouse3,4,25,1
Mouse3,4,26,1
Mouse3,4,27,1
Mouse3,4,28,1
Mouse3,4,29,1
Mouse3,4,30,0
Mouse3,4,31,1
Mouse3,4,32,0
Mouse3,4,33,1
Mouse3,4,34,0
Mouse3,4,35,0
Mouse3,4,36,0
Mouse3,4,37,1
Mouse3,4,38,1
Mouse3,4,39,1
Mouse3,4,40,1
Mouse3,4,41,0
Mouse3,4,42,0
Mouse3,4,43,1
Mouse3,4,44,1
Mouse3,4,45,1
Mouse3,4,46,0
Mouse3,4,47,1
Mouse3,4,48,0
Mouse3,4,49,0
Mouse3,4,50,1
Mouse3,4,51,1
Mouse3,4,52,1
Mouse3,4,53,1
Mouse3,4,54,1
Mouse3,4,55,1
Mouse3,4,56,1
Mouse3,4,57,0
Mouse3,4,58,0
Mouse3,4,59,1
Mouse3,4,60,1
Mouse3,4,61,1
Mouse3,4,62,1
Mouse3,4,63,1
Mouse3,4,64,1
Mouse3,4,65,0
Mouse3,4,66,1
Mouse3,4,67,1
Mouse3,4,68,1
Mouse3,4,69,1
Mouse3,4,70,0
Mouse3,4,71,1
Mouse3,4,72,0
Mouse3,4,73,1
Mouse3,4,74,1
Mouse3,4,75,1
Mouse3,4,76,1
Mouse3,4,77,1
Mouse3,4,78,1
Mouse3,4,79,1
Mouse3,4,80,1
Mouse3,4,81,1
Mouse3,4,82,1
Mouse3,4,83,0
Mouse3,4,84,1
Mouse3,4,85,0
Mouse3,4,86,1
Mouse3,4,87,1
Mouse3,4,88,1
Mouse3,4,89,1
Mouse3,4,90,1
Mouse3,4,91,0
Mouse3,4,92,1
Mouse3,4,93,0
Mouse3,4,94,0
Mouse3,4,95,1
Mouse3,4,96,1
Mouse3,4,97,1
Mouse3,4,98,1
Mouse3,4,99,1
Mouse3,4,100,1
Mouse3,4,101,0
Mouse3,4,102,1
Mouse3,4,103,1
Mouse3,4,104,1
Mouse3,4,105,1
Mouse3,4,106,0
Mouse3,4,107,1
Mouse3,5,1,0
Mouse3,5,2,1
Mouse3,5,3,1
Mouse3,5,4,1
Mouse3,5,5,1
Mouse3,5,6,1
Mouse3,5,7,1
Mouse3,5,8,0
Mouse3,5,9,1
Mouse3,5,10,1
Mouse3,5,11,0
Mouse3,5,12,1
Mouse3,5,13,1
Mouse3,5,14,1
Mouse3,5,15,1
Mouse3,5,16,1
Mouse3,5,17,1
Mouse3,5,18,1
Mouse3,5,19,1
Mouse3,5,20,1
Mouse3,5,21,0
Mouse3,5,22,1
Mouse3,5,23,1
Mouse3,5,24,1
Mouse3,5,25,1
Mouse3,5,26,1
Mouse3,5,27,1
Mouse3,5,28,0
Mouse3,5,29,1
Mouse3,5,30,1
Mouse3,5,31,1
Mouse3,5,32,0
Mouse3,5,33,1
Mouse3,5,34,1
Mouse3,5,35,1
Mouse3,5,36,0
Mouse3,5,37,1
Mouse3,5,38,1
Mouse3,5,39,1
Mouse3,5,40,1
Mouse3,5,41,1
Mouse3,5,42,1
Mouse3,5,43,1
Mouse3,5,44,0
Mouse3,5,45,0
Mouse3,5,46,0
Mouse3,5,47,1
Mouse3,5,48,0
Mouse3,5,49,1
Mouse3,5,50,1
Mouse3,5,51,1
Mouse3,5,52,1
Mouse3,5,53,0
Mouse3,5,54,1
Mouse3,5,55,1
Mouse3,5,56,1
Mouse3,5,57,1
Mouse3,5,58,1
Mouse3,5,59,1
Mouse3,5,60,0
Mouse3,5,61,1
Mouse3,5,62,0
Mouse3,5,63,0
Mouse3,5,64,1
Mouse3,5,65,1
Mouse3,5,66,1
Mouse3,5,67,0
Mouse3,5,68,1
Mouse3,5,69,0
Mouse3,5,70,1
Mouse3,5,71,1
Mouse3,5,72,1
Mouse3,5,73,1
Mouse3,5,74,1
Mouse3,5,75,0
Mouse3,5,76,1
Mouse3,5,77,1
Mouse3,5,78,1
Mouse3,5,79,0
Mouse3,5,80,0
Mouse3,5,81,0
Mouse3,5,82,1
Mouse3,5,83,1
Mouse3,5,84,1
Mouse3,5,85,1
Mouse3,5,86,1
Mouse3,5,87,1
Mouse3,5,88,0
Mouse3,5,89,1
Mouse3,5,90,1
Mouse3,5,91,1
Mouse3,5,92,1
Mouse3,5,93,1
Mouse3,5,94,0
Mouse3,5,95,1
Mouse3,5,96,1
Mouse3,5,97,1
Mouse3,5,98,1
Mouse3,5,99,1
Mouse3,5,100,1
Mouse3,5,101,1
Mouse3,5,102,1
Mouse3,5,103,1
Mouse4,1,1,0
Mouse4,1,2,0
Mouse4,1,3,1
Mouse4,1,4,1
Mouse4,1,5,0
Mouse4,1,6,1
Mouse4,1,7,0
Mouse4,1,8,1
Mouse4,1,9,0
Mouse4,1,10,0
Mouse4,1,11,0
Mouse4,1,12,0
Mouse4,1,13,0
Mouse4,1,14,1
Mouse4,1,15,1
Mouse4,1,16,1
Mouse4,1,17,1
Mouse4,1,18,0
Mouse4,1,19,1
Mouse4,1,20,0
Mouse4,1,21,1
Mouse4,1,22,0
Mouse4,1,23,0
Mouse4,1,24,1
Mouse4,1,25,0
Mouse4,1,26,1
Mouse4,1,27,1
Mouse4,1,28,0
Mouse4,1,29,0
Mouse4,1,30,1
Mouse4,1,31,1
Mouse4,1,32,0
Mouse4,1,33,0
Mouse4,1,34,1
Mouse4,1,35,0
Mouse4,1,36,0
Mouse4,1,37,0
Mouse4,1,38,1
Mouse4,1,39,0
Mouse4,1,40,0
Mouse4,1,41,0
Mouse4,1,42,0
Mouse4,1,43,0
Mouse4,1,44,0
Mouse4,1,45,1
Mouse4,1,46,1
Mouse4,1,47,1
Mouse4,1,48,1
Mouse4,1,49,0
Mouse4,1,50,1
Mouse4,1,51,1
Mouse4,1,52,1
Mouse4,1,53,1
Mouse4,1,54,1
Mouse4,1,55,1
Mouse4,1,56,0
Mouse4,1,57,1
Mouse4,1,58,1
Mouse4,1,59,1
Mouse4,1,60,0
Mouse4,1,61,0
Mouse4,1,62,0
Mouse4,1,63,1
Mouse4,1,64,0
Mouse4,1,65,0
Mouse4,1,66,1
Mouse4,1,67,0
Mouse4,1,68,0
Mouse4,1,69,1
Mouse4,1,70,1
Mouse4,1,71,0
Mouse4,1,72,1
Mouse4,1,73,1
Mouse4,1,74,1
Mouse4,1,75,0
Mouse4,1,76,1
Mouse4,1,77,0
Mouse4,1,78,1
Mouse4,1,79,1
Mouse4,1,80,1
Mouse4,1,81,0
Mouse4,1,82,1
Mouse4,1,83,1
Mouse4,1,84,1
Mouse4,1,85,0
Mouse4,1,86,0
Mouse4,1,87,1
Mouse4,1,88,0
Mouse4,1,89,1
Mouse4,1,90,1
Mouse4,1,91,1
Mouse4,1,92,1
Mouse4,1,93,1
Mouse4,1,94,1
Mouse4,1,95,1
Mouse4,1,96,1
Mouse4,1,97,1
Mouse4,1,98,1
Mouse4,1,99,0
Mouse4,1,100,1
Mouse4,1,101,0
Mouse4,1,102,1
Mouse4,1,103,1
Mouse4,1,104,1
Mouse4,1,105,0
Mouse4,1,106,0
Mouse4,1,107,1
Mouse4,1,108,1
Mouse4,1,109,1
Mouse4,1,110,1
Mouse4,1,111,0
Mouse4,1,112,0
Mouse4,1,113,0
Mouse4,1,114,1
Mouse4,1,115,1
Mouse4,1,116,1
Mouse4,1,117,1
Mouse4,1,118,1
Mouse4,1,119,0
Mouse4,1,120,0
Mouse4,1,121,1
Mouse4,1,122,1
Mouse4,1,123,0
Mouse4,1,124,1
Mouse4,1,125,0
Mouse4,1,126,1
Mouse4,1,127,1
Mouse4,1,128,1
Mouse4,1,129,0
Mouse4,1,130,1
Mouse4,1,131,1
Mouse4,1,132,1
Mouse4,1,133,1
Mouse4,1,134,1
Mouse4,1,135,1
Mouse4,2,1,0
Mouse4,2,2,1
Mouse4,2,3,1
Mouse4,2,4,1
Mouse4,2,5,1
Mouse4,2,6,1
Mouse4,2,7,1
Mouse4,2,8,1
Mouse4,2,9,0
Mouse4,2,10,0
Mouse4,2,11,1
Mouse4,2,12,0
Mouse4,2,13,0
Mouse4,2,14,0
Mouse4,2,15,0
Mouse4,2,16,1
Mouse4,2,17,1
Mouse4,2,18,0
Mouse4,2,19,1
Mouse4,2,20,1
Mouse4,2,21,1
Mouse4,2,22,1
Mouse4,2,23,0
Mouse4,2,24,1
Mouse4,2,25,1
Mouse4,2,26,0
Mouse4,2,27,1
Mouse4,2,28,0
Mouse4,2,29,1
Mouse4,2,30,1
Mouse4,2,31,1
Mouse4,2,32,1
Mouse4,2,33,0
Mouse4,2,34,0
Mouse4,2,35,1
Mouse4,2,36,0
Mouse4,2,37,1
Mouse4,2,38,1
Mouse4,2,39,0
Mouse4,2,40,1
Mouse4,2,41,0
Mouse4,2,42,0
Mouse4,2,43,1
Mouse4,2,44,0
Mouse4,2,45,0
Mouse4,2,46,1
Mouse4,2,47,1
Mouse4,2,48,0
Mouse4,2,49,0
Mouse4,2,50,1
Mouse4,2,51,1
Mouse4,2,52,1
Mouse4,2,53,1
Mouse4,2,54,0
Mouse4,2,55,1
Mouse4,2,56,1
Mouse4,2,57,1
Mouse4,2,58,0
Mouse4,2,59,1
Mouse4,2,60,1
Mouse4,2,61,1
Mouse4,2,62,1
Mouse4,2,63,1
Mouse4,2,64,0
Mouse4,2,65,1
Mouse4,2,66,1
Mouse4,2,67,1
Mouse4,2,68,1
Mouse4,2,69,1
Mouse4,2,70,1
Mouse4,2,71,0
Mouse4,2,72,1
Mouse4,2,73,0
Mouse4,2,74,1
Mouse4,2,75,1
Mouse4,2,76,1
Mouse4,2,77,0
Mouse4,2,78,1
Mouse4,2,79,1
Mouse4,2,80,0
Mouse4,2,81,1
Mouse4,2,82,0
Mouse4,2,83,1
Mouse4,2,84,1
Mouse4,2,85,0
Mouse4,2,86,1
Mouse4,2,87,1
Mouse4,2,88,1
Mouse4,2,89,0
Mouse4,2,90,1
Mouse4,2,91,0
Mouse4,2,92,1
Mouse4,2,93,1
Mouse4,2,94,0
Mouse4,2,95,1
Mouse4,2,96,1
Mouse4,2,97,1
Mouse4,2,98,0
Mouse4,2,99,0
Mouse4,2,100,0
Mouse4,2,101,1
Mouse4,2,102,1
Mouse4,2,103,0
Mouse4,2,104,1
Mouse4,2,105,1
Mouse4,2,106,1
Mouse4,2,107,1
Mouse4,2,108,1
Mouse4,2,109,0
Mouse4,2,110,1
Mouse4,2,111,0
Mouse4,2,112,1
Mouse4,2,113,1
Mouse4,2,114,0
Mouse4,2,115,1
Mouse4,2,116,1
Mouse4,2,117,0
Mouse4,2,118,1
Mouse4,2,119,1
Mouse4,2,120,1
Mouse4,2,121,1
Mouse4,3,1,0
Mouse4,3,2,1
Mouse4,3,3,1
Mouse4,3,4,1
Mouse4,3,5,1
Mouse4,3,6,0
Mouse4,3,7,0
Mouse4,3,8,0
Mouse4,3,9,1
Mouse4,3,10,1
Mouse4,3,11,1
Mouse4,3,12,1
Mouse4,3,13,0
Mouse4,3,14,1
Mouse4,3,15,1
Mouse4,3,16,1
Mouse4,3,17,1
Mouse4,3,18,1
Mouse4,3,19,1
Mouse4,3,20,1
Mouse4,3,21,1
Mouse4,3,22,1
Mouse4,3,23,1
Mouse4,3,24,0
Mouse4,3,25,0
Mouse4,3,26,1
Mouse4,3,27,1
Mouse4,3,28,1
Mouse4,3,29,0
Mouse4,3,30,1
Mouse4,3,31,1
Mouse4,3,32,1
Mouse4,3,33,0
Mouse4,3,34,1
Mouse4,3,35,1
Mouse4,3,36,1
Mouse4,3,37,1
Mouse4,3,38,1
Mouse4,3,39,0
Mouse4,3,40,1
Mouse4,3,41,1
Mouse4,3,42,1
Mouse4,3,43,1
Mouse4,3,44,1
Mouse4,3,45,1
Mouse4,3,46,1
Mouse4,3,47,1
Mouse4,3,48,1
Mouse4,3,49,1
Mouse4,3,50,1
Mouse4,3,51,1
Mouse4,3,52,1
Mouse4,3,53,1
Mouse4,3,54,0
Mouse4,3,55,1
Mouse4,3,56,0
Mouse4,3,57,0
Mouse4,3,58,1
Mouse4,3,59,1
Mouse4,3,60,0
Mouse4,3,61,0
Mouse4,3,62,1
Mouse4,3,63,1
Mouse4,3,64,0
Mouse4,3,65,1
Mouse4,3,66,1
Mouse4,3,67,1
Mouse4,3,68,1
Mouse4,3,69,0
Mouse4,3,70,1
Mouse4,3,71,1
Mouse4,3,72,1
Mouse4,3,73,1
Mouse4,3,74,1
Mouse4,3,75,1
Mouse4,3,76,1
Mouse4,3,77,1
Mouse4,3,78,0
Mouse4,3,79,1
Mouse4,3,80,1
Mouse4,3,81,1
Mouse4,3,82,1
Mouse4,3,83,1
Mouse4,3,84,1
Mouse4,3,85,0
Mouse4,3,86,0
Mouse4,3,87,1
Mouse4,3,88,1
Mouse4,3,89,1
Mouse4,3,90,1
Mouse4,3,91,1
Mouse4,3,92,1
Mouse4,3,93,1
Mouse4,3,94,1
Mouse4,3,95,0
Mouse4,3,96,1
Mouse4,3,97,0
Mouse4,3,98,1
Mouse4,3,99,1
Mouse4,3,100,0
Mouse4,3,101,1
Mouse4,3,102,1
Mouse4,3,103,1
Mouse4,4,1,1
Mouse4,4,2,1
Mouse4,4,3,1
Mouse4,4,4,1
Mouse4,4,5,1
Mouse4,4,6,1
Mouse4,4,7,1
Mouse4,4,8,1
Mouse4,4,9,0
Mouse4,4,10,1
Mouse4,4,11,1
Mouse4,4,12,1
Mouse4,4,13,0
Mouse4,4,14,1
Mouse4,4,15,1
Mouse4,4,16,0
Mouse4,4,17,1
Mouse4,4,18,1
Mouse4,4,19,1
Mouse4,4,20,1
Mouse4,4,21,1
Mouse4,4,22,1
Mouse4,4,23,1
Mouse4,4,24,1
Mouse4,4,25,0
Mouse4,4,26,0
Mouse4,4,27,1
Mouse4,4,28,1
Mouse4,4,29,1
Mouse4,4,30,1
Mouse4,4,31,1
Mouse4,4,32,1
Mouse4,4,33,1
Mouse4,4,34,0
Mouse4,4,35,1
Mouse4,4,36,1
Mouse4,4,37,1
Mouse4,4,38,0
Mouse4,4,39,0
Mouse4,4,40,1
Mouse4,4,41,1
Mouse4,4,42,1
Mouse4,4,43,0
Mouse4,4,44,0
Mouse4,4,45,1
Mouse4,4,46,1
Mouse4,4,47,1
Mouse4,4,48,1
Mouse4,4,49,0
Mouse4,4,50,1
Mouse4,4,51,1
Mouse4,4,52,1
Mouse4,4,53,1
Mouse4,4,54,1
Mouse4,4,55,1
Mouse4,4,56,1
Mouse4,4,57,1
Mouse4,4,58,0
Mouse4,4,59,0
Mouse4,4,60,1
Mouse4,4,61,1
Mouse4,4,62,1
Mouse4,4,63,1
Mouse4,4,64,1
Mouse4,4,65,0
Mouse4,4,66,1
Mouse4,4,67,1
Mouse4,4,68,0
Mouse4,4,69,1
Mouse4,4,70,1
Mouse4,4,71,1
Mouse4,4,72,1
Mouse4,4,73,0
Mouse4,4,74,1
Mouse4,4,75,0
Mouse4,4,76,1
Mouse4,4,77,1
Mouse4,4,78,1
Mouse4,4,79,1
Mouse4,4,80,1
Mouse4,4,81,0
Mouse4,4,82,1
Mouse4,4,83,1
Mouse4,4,84,1
Mouse4,4,85,1
Mouse4,4,86,1
Mouse4,4,87,0
Mouse4,4,88,0
Mouse4,4,89,1
Mouse4,4,90,0
Mouse4,4,91,1
Mouse4,4,92,1
Mouse4,4,93,1
Mouse4,4,94,1
Mouse4,4,95,1
Mouse4,4,96,1
Mouse4,4,97,1
Mouse4,4,98,0
Mouse4,4,99,1
Mouse4,4,100,1
Mouse4,4,101,1
Mouse4,4,102,1
Mouse4,5,1,0
Mouse4,5,2,0
Mouse4,5,3,1
Mouse4,5,4,1
Mouse4,5,5,1
Mouse4,5,6,1
Mouse4,5,7,1
Mouse4,5,8,1
Mouse4,5,9,1
Mouse4,5,10,0
Mouse4,5,11,1
Mouse4,5,12,1
Mouse4,5,13,1
Mouse4,5,14,1
Mouse4,5,15,1
Mouse4,5,16,1
Mouse4,5,17,1
Mouse4,5,18,1
Mouse4,5,19,1
Mouse4,5,20,1
Mouse4,5,21,1
Mouse4,5,22,1
Mouse4,5,23,1
Mouse4,5,24,0
Mouse4,5,25,0
Mouse4,5,26,1
Mouse4,5,27,1
Mouse4,5,28,1
Mouse4,5,29,1
Mouse4,5,30,1
Mouse4,5,31,1
Mouse4,5,32,1
Mouse4,5,33,1
Mouse4,5,34,0
Mouse4,5,35,1
Mouse4,5,36,1
Mouse4,5,37,1
Mouse4,5,38,1
Mouse4,5,39,1
Mouse4,5,40,1
Mouse4,5,41,0
Mouse4,5,42,1
Mouse4,5,43,1
Mouse4,5,44,1
Mouse4,5,45,1
Mouse4,5,46,1
Mouse4,5,47,1
Mouse4,5,48,0
Mouse4,5,49,1
Mouse4,5,50,1
Mouse4,5,51,1
Mouse4,5,52,1
Mouse4,5,53,1
Mouse4,5,54,0
Mouse4,5,55,1
Mouse4,5,56,1
Mouse4,5,57,1
Mouse4,5,58,1
Mouse4,5,59,1
Mouse4,5,60,1
Mouse4,5,61,1
Mouse4,5,62,1
Mouse4,5,63,1
Mouse4,5,64,0
Mouse4,5,65,1
Mouse4,5,66,1
Mouse4,5,67,1
Mouse4,5,68,1
Mouse4,5,69,1
Mouse4,5,70,0
Mouse4,5,71,1
Mouse4,5,72,1
Mouse4,5,73,1
Mouse4,5,74,1
Mouse4,5,75,1
Mouse4,5,76,1
Mouse4,5,77,1
Mouse4,5,78,1
Mouse4,5,79,1
Mouse4,5,80,1
Mouse4,5,81,1
Mouse4,5,82,1
Mouse4,5,83,1
Mouse4,5,84,1
Mouse4,5,85,0
Mouse4,5,86,1
Mouse4,5,87,1
Mouse4,5,88,0
Mouse4,5,89,1
Mouse4,5,90,1
Mouse4,5,91,1
Mouse4,5,92,1
Mouse4,5,93,0
Mouse4,5,94,0
Mouse4,5,95,1
