mouse,session,trial,result,geno
Mouse1 (N18-2g-25F),1,1,1,1
Mouse1 (N18-2g-25F),1,2,1,1
Mouse1 (N18-2g-25F),1,3,1,1
Mouse1 (N18-2g-25F),1,4,0,1
Mouse1 (N18-2g-25F),1,5,1,1
Mouse1 (N18-2g-25F),1,6,1,1
Mouse1 (N18-2g-25F),1,7,1,1
Mouse1 (N18-2g-25F),1,8,1,1
Mouse1 (N18-2g-25F),1,9,1,1
Mouse1 (N18-2g-25F),1,10,0,1
Mouse1 (N18-2g-25F),1,11,1,1
Mouse1 (N18-2g-25F),1,12,1,1
Mouse1 (N18-2g-25F),1,13,1,1
Mouse1 (N18-2g-25F),1,14,1,1
Mouse1 (N18-2g-25F),1,15,1,1
Mouse1 (N18-2g-25F),1,16,1,1
Mouse1 (N18-2g-25F),1,17,1,1
Mouse1 (N18-2g-25F),1,18,1,1
Mouse1 (N18-2g-25F),1,19,1,1
Mouse1 (N18-2g-25F),1,20,1,1
Mouse1 (N18-2g-25F),1,21,1,1
Mouse1 (N18-2g-25F),1,22,1,1
Mouse1 (N18-2g-25F),1,23,1,1
Mouse1 (N18-2g-25F),1,24,0,1
Mouse1 (N18-2g-25F),1,25,1,1
Mouse1 (N18-2g-25F),1,26,1,1
Mouse1 (N18-2g-25F),1,27,1,1
Mouse1 (N18-2g-25F),1,28,1,1
Mouse1 (N18-2g-25F),1,29,1,1
Mouse1 (N18-2g-25F),1,30,1,1
Mouse1 (N18-2g-25F),1,31,1,1
Mouse1 (N18-2g-25F),1,32,1,1
Mouse1 (N18-2g-25F),1,33,1,1
Mouse1 (N18-2g-25F),1,34,1,1
Mouse1 (N18-2g-25F),1,35,1,1
Mouse1 (N18-2g-25F),1,36,1,1
Mouse1 (N18-2g-25F),1,37,1,1
Mouse1 (N18-2g-25F),1,38,1,1
Mouse1 (N18-2g-25F),1,39,0,1
Mouse1 (N18-2g-25F),1,40,1,1
Mouse1 (N18-2g-25F),1,41,1,1
Mouse1 (N18-2g-25F),1,42,0,1
Mouse1 (N18-2g-25F),1,43,0,1
Mouse1 (N18-2g-25F),1,44,1,1
Mouse1 (N18-2g-25F),1,45,1,1
Mouse1 (N18-2g-25F),1,46,1,1
Mouse1 (N18-2g-25F),1,47,1,1
Mouse1 (N18-2g-25F),1,48,1,1
Mouse1 (N18-2g-25F),1,49,1,1
Mouse1 (N18-2g-25F),1,50,1,1
Mouse1 (N18-2g-25F),1,51,1,1
Mouse1 (N18-2g-25F),1,52,1,1
Mouse1 (N18-2g-25F),1,53,1,1
Mouse1 (N18-2g-25F),1,54,0,1
Mouse1 (N18-2g-25F),1,55,1,1
Mouse1 (N18-2g-25F),1,56,0,1
Mouse1 (N18-2g-25F),1,57,1,1
Mouse1 (N18-2g-25F),1,58,1,1
Mouse1 (N18-2g-25F),1,59,1,1
Mouse1 (N18-2g-25F),1,60,1,1
Mouse1 (N18-2g-25F),1,61,1,1
Mouse1 (N18-2g-25F),1,62,1,1
Mouse1 (N18-2g-25F),1,63,1,1
Mouse1 (N18-2g-25F),1,64,1,1
Mouse1 (N18-2g-25F),1,65,1,1
Mouse1 (N18-2g-25F),1,66,1,1
Mouse1 (N18-2g-25F),1,67,1,1
Mouse1 (N18-2g-25F),1,68,0,1
Mouse1 (N18-2g-25F),1,69,1,1
Mouse1 (N18-2g-25F),1,70,1,1
Mouse1 (N18-2g-25F),1,71,1,1
Mouse1 (N18-2g-25F),1,72,0,1
Mouse1 (N18-2g-25F),1,73,1,1
Mouse1 (N18-2g-25F),1,74,1,1
Mouse1 (N18-2g-25F),1,75,1,1
Mouse1 (N18-2g-25F),1,76,1,1
Mouse1 (N18-2g-25F),1,77,1,1
Mouse1 (N18-2g-25F),1,78,1,1
Mouse1 (N18-2g-25F),1,79,1,1
Mouse1 (N18-2g-25F),1,80,1,1
Mouse1 (N18-2g-25F),1,81,1,1
Mouse1 (N18-2g-25F),1,82,1,1
Mouse1 (N18-2g-25F),1,83,0,1
Mouse1 (N18-2g-25F),1,84,0,1
Mouse1 (N18-2g-25F),1,85,1,1
Mouse1 (N18-2g-25F),1,86,1,1
Mouse1 (N18-2g-25F),1,87,1,1
Mouse1 (N18-2g-25F),1,88,0,1
Mouse1 (N18-2g-25F),1,89,1,1
Mouse1 (N18-2g-25F),1,90,0,1
Mouse1 (N18-2g-25F),1,91,0,1
Mouse1 (N18-2g-25F),1,92,1,1
Mouse1 (N18-2g-25F),1,93,1,1
Mouse1 (N18-2g-25F),1,94,0,1
Mouse1 (N18-2g-25F),1,95,1,1
Mouse1 (N18-2g-25F),1,96,1,1
Mouse2 (N32-2g-15F),1,1,1,1
Mouse2 (N32-2g-15F),1,2,1,1
Mouse2 (N32-2g-15F),1,3,1,1
Mouse2 (N32-2g-15F),1,4,0,1
Mouse2 (N32-2g-15F),1,5,1,1
Mouse2 (N32-2g-15F),1,6,1,1
Mouse2 (N32-2g-15F),1,7,0,1
Mouse2 (N32-2g-15F),1,8,1,1
Mouse2 (N32-2g-15F),1,9,1,1
Mouse2 (N32-2g-15F),1,10,1,1
Mouse2 (N32-2g-15F),1,11,0,1
Mouse2 (N32-2g-15F),1,12,1,1
Mouse2 (N32-2g-15F),1,13,0,1
Mouse2 (N32-2g-15F),1,14,1,1
Mouse2 (N32-2g-15F),1,15,0,1
Mouse2 (N32-2g-15F),1,16,1,1
Mouse2 (N32-2g-15F),1,17,0,1
Mouse2 (N32-2g-15F),1,18,1,1
Mouse2 (N32-2g-15F),1,19,1,1
Mouse2 (N32-2g-15F),1,20,1,1
Mouse2 (N32-2g-15F),1,21,1,1
Mouse2 (N32-2g-15F),1,22,1,1
Mouse2 (N32-2g-15F),1,23,1,1
Mouse2 (N32-2g-15F),1,24,1,1
Mouse2 (N32-2g-15F),1,25,1,1
Mouse2 (N32-2g-15F),1,26,1,1
Mouse2 (N32-2g-15F),1,27,1,1
Mouse2 (N32-2g-15F),1,28,1,1
Mouse2 (N32-2g-15F),1,29,1,1
Mouse2 (N32-2g-15F),1,30,1,1
Mouse2 (N32-2g-15F),1,31,1,1
Mouse2 (N32-2g-15F),1,32,1,1
Mouse2 (N32-2g-15F),1,33,1,1
Mouse2 (N32-2g-15F),1,34,1,1
Mouse2 (N32-2g-15F),1,35,1,1
Mouse2 (N32-2g-15F),1,36,1,1
Mouse2 (N32-2g-15F),1,37,1,1
Mouse2 (N32-2g-15F),1,38,1,1
Mouse2 (N32-2g-15F),1,39,1,1
Mouse2 (N32-2g-15F),1,40,1,1
Mouse2 (N32-2g-15F),1,41,0,1
Mouse2 (N32-2g-15F),1,42,1,1
Mouse2 (N32-2g-15F),1,43,1,1
Mouse2 (N32-2g-15F),1,44,1,1
Mouse2 (N32-2g-15F),1,45,1,1
Mouse2 (N32-2g-15F),1,46,1,1
Mouse2 (N32-2g-15F),1,47,1,1
Mouse2 (N32-2g-15F),1,48,1,1
Mouse2 (N32-2g-15F),1,49,1,1
Mouse2 (N32-2g-15F),1,50,1,1
Mouse2 (N32-2g-15F),1,51,1,1
Mouse2 (N32-2g-15F),1,52,1,1
Mouse2 (N32-2g-15F),1,53,1,1
Mouse2 (N32-2g-15F),1,54,1,1
Mouse2 (N32-2g-15F),1,55,1,1
Mouse2 (N32-2g-15F),1,56,1,1
Mouse2 (N32-2g-15F),1,57,1,1
Mouse2 (N32-2g-15F),1,58,1,1
Mouse2 (N32-2g-15F),1,59,1,1
Mouse2 (N32-2g-15F),1,60,1,1
Mouse2 (N32-2g-15F),1,61,1,1
Mouse2 (N32-2g-15F),1,62,1,1
Mouse2 (N32-2g-15F),1,63,1,1
Mouse2 (N32-2g-15F),1,64,1,1
Mouse2 (N32-2g-15F),1,65,1,1
Mouse2 (N32-2g-15F),1,66,1,1
Mouse2 (N32-2g-15F),1,67,1,1
Mouse2 (N32-2g-15F),1,68,1,1
Mouse2 (N32-2g-15F),1,69,1,1
Mouse2 (N32-2g-15F),1,70,1,1
Mouse2 (N32-2g-15F),1,71,1,1
Mouse2 (N32-2g-15F),1,72,1,1
Mouse2 (N32-2g-15F),1,73,1,1
Mouse2 (N32-2g-15F),1,74,1,1
Mouse2 (N32-2g-15F),1,75,1,1
Mouse2 (N32-2g-15F),1,76,1,1
Mouse2 (N32-2g-15F),1,77,1,1
Mouse2 (N32-2g-15F),1,78,1,1
Mouse2 (N32-2g-15F),1,79,1,1
Mouse2 (N32-2g-15F),1,80,1,1
Mouse2 (N32-2g-15F),1,81,1,1
Mouse2 (N32-2g-15F),1,82,1,1
Mouse2 (N32-2g-15F),1,83,1,1
Mouse2 (N32-2g-15F),1,84,1,1
Mouse2 (N32-2g-15F),1,85,1,1
Mouse2 (N32-2g-15F),1,86,1,1
Mouse2 (N32-2g-15F),1,87,1,1
Mouse3 (N32-2g-17F),1,1,1,1
Mouse3 (N32-2g-17F),1,2,1,1
Mouse3 (N32-2g-17F),1,3,1,1
Mouse3 (N32-2g-17F),1,4,0,1
Mouse3 (N32-2g-17F),1,5,1,1
Mouse3 (N32-2g-17F),1,6,1,1
Mouse3 (N32-2g-17F),1,7,1,1
Mouse3 (N32-2g-17F),1,8,1,1
Mouse3 (N32-2g-17F),1,9,1,1
Mouse3 (N32-2g-17F),1,10,1,1
Mouse3 (N32-2g-17F),1,11,1,1
Mouse3 (N32-2g-17F),1,12,1,1
Mouse3 (N32-2g-17F),1,13,0,1
Mouse3 (N32-2g-17F),1,14,1,1
Mouse3 (N32-2g-17F),1,15,1,1
Mouse3 (N32-2g-17F),1,16,1,1
Mouse3 (N32-2g-17F),1,17,1,1
Mouse3 (N32-2g-17F),1,18,1,1
Mouse3 (N32-2g-17F),1,19,1,1
Mouse3 (N32-2g-17F),1,20,0,1
Mouse3 (N32-2g-17F),1,21,1,1
Mouse3 (N32-2g-17F),1,22,1,1
Mouse3 (N32-2g-17F),1,23,1,1
Mouse3 (N32-2g-17F),1,24,1,1
Mouse3 (N32-2g-17F),1,25,0,1
Mouse3 (N32-2g-17F),1,26,1,1
Mouse3 (N32-2g-17F),1,27,1,1
Mouse3 (N32-2g-17F),1,28,1,1
Mouse3 (N32-2g-17F),1,29,1,1
Mouse3 (N32-2g-17F),1,30,0,1
Mouse3 (N32-2g-17F),1,31,1,1
Mouse3 (N32-2g-17F),1,32,1,1
Mouse3 (N32-2g-17F),1,33,1,1
Mouse3 (N32-2g-17F),1,34,1,1
Mouse3 (N32-2g-17F),1,35,1,1
Mouse3 (N32-2g-17F),1,36,0,1
Mouse3 (N32-2g-17F),1,37,0,1
Mouse3 (N32-2g-17F),1,38,0,1
Mouse3 (N32-2g-17F),1,39,1,1
Mouse3 (N32-2g-17F),1,40,1,1
Mouse3 (N32-2g-17F),1,41,1,1
Mouse3 (N32-2g-17F),1,42,1,1
Mouse3 (N32-2g-17F),1,43,1,1
Mouse3 (N32-2g-17F),1,44,1,1
Mouse3 (N32-2g-17F),1,45,0,1
Mouse3 (N32-2g-17F),1,46,1,1
Mouse3 (N32-2g-17F),1,47,1,1
Mouse3 (N32-2g-17F),1,48,1,1
Mouse3 (N32-2g-17F),1,49,0,1
Mouse3 (N32-2g-17F),1,50,1,1
Mouse3 (N32-2g-17F),1,51,0,1
Mouse3 (N32-2g-17F),1,52,0,1
Mouse3 (N32-2g-17F),1,53,0,1
Mouse3 (N32-2g-17F),1,54,1,1
Mouse3 (N32-2g-17F),1,55,1,1
Mouse3 (N32-2g-17F),1,56,1,1
Mouse3 (N32-2g-17F),1,57,1,1
Mouse3 (N32-2g-17F),1,58,1,1
Mouse3 (N32-2g-17F),1,59,1,1
Mouse3 (N32-2g-17F),1,60,1,1
Mouse3 (N32-2g-17F),1,61,1,1
Mouse3 (N32-2g-17F),1,62,1,1
Mouse3 (N32-2g-17F),1,63,0,1
Mouse3 (N32-2g-17F),1,64,1,1
Mouse3 (N32-2g-17F),1,65,1,1
Mouse3 (N32-2g-17F),1,66,0,1
Mouse3 (N32-2g-17F),1,67,1,1
Mouse3 (N32-2g-17F),1,68,1,1
Mouse4 (N18-2g-34F),1,1,0,1
Mouse4 (N18-2g-34F),1,2,1,1
Mouse4 (N18-2g-34F),1,3,1,1
Mouse4 (N18-2g-34F),1,4,1,1
Mouse4 (N18-2g-34F),1,5,1,1
Mouse4 (N18-2g-34F),1,6,1,1
Mouse4 (N18-2g-34F),1,7,1,1
Mouse4 (N18-2g-34F),1,8,1,1
Mouse4 (N18-2g-34F),1,9,1,1
Mouse4 (N18-2g-34F),1,10,1,1
Mouse4 (N18-2g-34F),1,11,1,1
Mouse4 (N18-2g-34F),1,12,1,1
Mouse4 (N18-2g-34F),1,13,1,1
Mouse4 (N18-2g-34F),1,14,1,1
Mouse4 (N18-2g-34F),1,15,1,1
Mouse4 (N18-2g-34F),1,16,0,1
Mouse4 (N18-2g-34F),1,17,1,1
Mouse4 (N18-2g-34F),1,18,1,1
Mouse4 (N18-2g-34F),1,19,0,1
Mouse4 (N18-2g-34F),1,20,1,1
Mouse4 (N18-2g-34F),1,21,1,1
Mouse4 (N18-2g-34F),1,22,1,1
Mouse4 (N18-2g-34F),1,23,1,1
Mouse4 (N18-2g-34F),1,24,1,1
Mouse4 (N18-2g-34F),1,25,1,1
Mouse4 (N18-2g-34F),1,26,1,1
Mouse4 (N18-2g-34F),1,27,1,1
Mouse4 (N18-2g-34F),1,28,0,1
Mouse4 (N18-2g-34F),1,29,1,1
Mouse4 (N18-2g-34F),1,30,1,1
Mouse4 (N18-2g-34F),1,31,1,1
Mouse4 (N18-2g-34F),1,32,1,1
Mouse4 (N18-2g-34F),1,33,0,1
Mouse4 (N18-2g-34F),1,34,1,1
Mouse4 (N18-2g-34F),1,35,1,1
Mouse4 (N18-2g-34F),1,36,1,1
Mouse4 (N18-2g-34F),1,37,1,1
Mouse4 (N18-2g-34F),1,38,1,1
Mouse4 (N18-2g-34F),1,39,1,1
Mouse4 (N18-2g-34F),1,40,1,1
Mouse4 (N18-2g-34F),1,41,1,1
Mouse4 (N18-2g-34F),1,42,1,1
Mouse4 (N18-2g-34F),1,43,1,1
Mouse4 (N18-2g-34F),1,44,1,1
Mouse4 (N18-2g-34F),1,45,1,1
Mouse4 (N18-2g-34F),1,46,1,1
Mouse4 (N18-2g-34F),1,47,0,1
Mouse4 (N18-2g-34F),1,48,1,1
Mouse4 (N18-2g-34F),1,49,1,1
Mouse4 (N18-2g-34F),1,50,1,1
Mouse4 (N18-2g-34F),1,51,1,1
Mouse4 (N18-2g-34F),1,52,1,1
Mouse4 (N18-2g-34F),1,53,1,1
Mouse4 (N18-2g-34F),1,54,1,1
Mouse4 (N18-2g-34F),1,55,0,1
Mouse4 (N18-2g-34F),1,56,1,1
Mouse4 (N18-2g-34F),1,57,1,1
Mouse4 (N18-2g-34F),1,58,1,1
Mouse4 (N18-2g-34F),1,59,1,1
Mouse4 (N18-2g-34F),1,60,1,1
Mouse4 (N18-2g-34F),1,61,1,1
Mouse4 (N18-2g-34F),1,62,1,1
Mouse4 (N18-2g-34F),1,63,1,1
Mouse4 (N18-2g-34F),1,64,1,1
Mouse4 (N18-2g-34F),1,65,1,1
Mouse4 (N18-2g-34F),1,66,1,1
Mouse4 (N18-2g-34F),1,67,1,1
Mouse4 (N18-2g-34F),1,68,1,1
Mouse4 (N18-2g-34F),1,69,1,1
Mouse4 (N18-2g-34F),1,70,1,1
Mouse4 (N18-2g-34F),1,71,1,1
Mouse4 (N18-2g-34F),1,72,1,1
Mouse4 (N18-2g-34F),1,73,1,1
Mouse4 (N18-2g-34F),1,74,1,1
Mouse4 (N18-2g-34F),1,75,1,1
Mouse4 (N18-2g-34F),1,76,1,1
Mouse4 (N18-2g-34F),1,77,1,1
Mouse4 (N18-2g-34F),1,78,1,1
Mouse4 (N18-2g-34F),1,79,1,1
Mouse4 (N18-2g-34F),1,80,1,1
Mouse4 (N18-2g-34F),1,81,1,1
Mouse4 (N18-2g-34F),1,82,0,1
Mouse4 (N18-2g-34F),1,83,0,1
Mouse4 (N18-2g-34F),1,84,1,1
Mouse4 (N18-2g-34F),1,85,1,1
Mouse4 (N18-2g-34F),1,86,1,1
Mouse4 (N18-2g-34F),1,87,1,1
Mouse4 (N18-2g-34F),1,88,1,1
Mouse4 (N18-2g-34F),1,89,1,1
Mouse5 (N32-2g-21F),1,1,1,1
Mouse5 (N32-2g-21F),1,2,0,1
Mouse5 (N32-2g-21F),1,3,1,1
Mouse5 (N32-2g-21F),1,4,1,1
Mouse5 (N32-2g-21F),1,5,1,1
Mouse5 (N32-2g-21F),1,6,1,1
Mouse5 (N32-2g-21F),1,7,1,1
Mouse5 (N32-2g-21F),1,8,1,1
Mouse5 (N32-2g-21F),1,9,1,1
Mouse5 (N32-2g-21F),1,10,1,1
Mouse5 (N32-2g-21F),1,11,1,1
Mouse5 (N32-2g-21F),1,12,1,1
Mouse5 (N32-2g-21F),1,13,1,1
Mouse5 (N32-2g-21F),1,14,1,1
Mouse5 (N32-2g-21F),1,15,1,1
Mouse5 (N32-2g-21F),1,16,1,1
Mouse5 (N32-2g-21F),1,17,1,1
Mouse5 (N32-2g-21F),1,18,1,1
Mouse5 (N32-2g-21F),1,19,1,1
Mouse5 (N32-2g-21F),1,20,1,1
Mouse5 (N32-2g-21F),1,21,1,1
Mouse5 (N32-2g-21F),1,22,1,1
Mouse5 (N32-2g-21F),1,23,1,1
Mouse5 (N32-2g-21F),1,24,1,1
Mouse5 (N32-2g-21F),1,25,1,1
Mouse5 (N32-2g-21F),1,26,1,1
Mouse5 (N32-2g-21F),1,27,1,1
Mouse5 (N32-2g-21F),1,28,1,1
Mouse5 (N32-2g-21F),1,29,1,1
Mouse5 (N32-2g-21F),1,30,1,1
Mouse5 (N32-2g-21F),1,31,1,1
Mouse5 (N32-2g-21F),1,32,1,1
Mouse5 (N32-2g-21F),1,33,1,1
Mouse5 (N32-2g-21F),1,34,1,1
Mouse5 (N32-2g-21F),1,35,1,1
Mouse5 (N32-2g-21F),1,36,1,1
Mouse5 (N32-2g-21F),1,37,1,1
Mouse5 (N32-2g-21F),1,38,1,1
Mouse5 (N32-2g-21F),1,39,1,1
Mouse5 (N32-2g-21F),1,40,1,1
Mouse5 (N32-2g-21F),1,41,1,1
Mouse5 (N32-2g-21F),1,42,1,1
Mouse5 (N32-2g-21F),1,43,1,1
Mouse5 (N32-2g-21F),1,44,1,1
Mouse5 (N32-2g-21F),1,45,1,1
Mouse5 (N32-2g-21F),1,46,1,1
Mouse5 (N32-2g-21F),1,47,1,1
Mouse5 (N32-2g-21F),1,48,1,1
Mouse5 (N32-2g-21F),1,49,1,1
Mouse5 (N32-2g-21F),1,50,1,1
Mouse5 (N32-2g-21F),1,51,1,1
Mouse5 (N32-2g-21F),1,52,1,1
Mouse5 (N32-2g-21F),1,53,1,1
Mouse5 (N32-2g-21F),1,54,1,1
Mouse5 (N32-2g-21F),1,55,1,1
Mouse5 (N32-2g-21F),1,56,1,1
Mouse5 (N32-2g-21F),1,57,1,1
Mouse5 (N32-2g-21F),1,58,1,1
Mouse5 (N32-2g-21F),1,59,1,1
Mouse5 (N32-2g-21F),1,60,1,1
Mouse5 (N32-2g-21F),1,61,1,1
Mouse5 (N32-2g-21F),1,62,1,1
Mouse5 (N32-2g-21F),1,63,1,1
Mouse5 (N32-2g-21F),1,64,1,1
Mouse5 (N32-2g-21F),1,65,1,1
Mouse5 (N32-2g-21F),1,66,1,1
Mouse5 (N32-2g-21F),1,67,1,1
Mouse5 (N32-2g-21F),1,68,1,1
Mouse5 (N32-2g-21F),1,69,1,1
Mouse5 (N32-2g-21F),1,70,1,1
Mouse5 (N32-2g-21F),1,71,1,1
Mouse5 (N32-2g-21F),1,72,1,1
Mouse5 (N32-2g-21F),1,73,1,1
Mouse5 (N32-2g-21F),1,74,1,1
Mouse5 (N32-2g-21F),1,75,1,1
Mouse5 (N32-2g-21F),1,76,1,1
Mouse5 (N32-2g-21F),1,77,1,1
Mouse5 (N32-2g-21F),1,78,1,1
Mouse5 (N32-2g-21F),1,79,1,1
Mouse5 (N32-2g-21F),1,80,1,1
Mouse5 (N32-2g-21F),1,81,1,1
Mouse6 (N64-2g-4F),1,1,0,1
Mouse6 (N64-2g-4F),1,2,1,1
Mouse6 (N64-2g-4F),1,3,1,1
Mouse6 (N64-2g-4F),1,4,1,1
Mouse6 (N64-2g-4F),1,5,1,1
Mouse6 (N64-2g-4F),1,6,0,1
Mouse6 (N64-2g-4F),1,7,1,1
Mouse6 (N64-2g-4F),1,8,1,1
Mouse6 (N64-2g-4F),1,9,0,1
Mouse6 (N64-2g-4F),1,10,1,1
Mouse6 (N64-2g-4F),1,11,1,1
Mouse6 (N64-2g-4F),1,12,1,1
Mouse6 (N64-2g-4F),1,13,0,1
Mouse6 (N64-2g-4F),1,14,1,1
Mouse6 (N64-2g-4F),1,15,0,1
Mouse6 (N64-2g-4F),1,16,0,1
Mouse6 (N64-2g-4F),1,17,0,1
Mouse6 (N64-2g-4F),1,18,1,1
Mouse6 (N64-2g-4F),1,19,1,1
Mouse6 (N64-2g-4F),1,20,1,1
Mouse6 (N64-2g-4F),1,21,0,1
Mouse6 (N64-2g-4F),1,22,1,1
Mouse6 (N64-2g-4F),1,23,0,1
Mouse6 (N64-2g-4F),1,24,1,1
Mouse6 (N64-2g-4F),1,25,1,1
Mouse6 (N64-2g-4F),1,26,0,1
Mouse6 (N64-2g-4F),1,27,1,1
Mouse6 (N64-2g-4F),1,28,0,1
Mouse6 (N64-2g-4F),1,29,1,1
Mouse6 (N64-2g-4F),1,30,1,1
Mouse6 (N64-2g-4F),1,31,1,1
Mouse6 (N64-2g-4F),1,32,1,1
Mouse6 (N64-2g-4F),1,33,1,1
Mouse6 (N64-2g-4F),1,34,1,1
Mouse6 (N64-2g-4F),1,35,1,1
Mouse6 (N64-2g-4F),1,36,1,1
Mouse6 (N64-2g-4F),1,37,1,1
Mouse6 (N64-2g-4F),1,38,0,1
Mouse6 (N64-2g-4F),1,39,1,1
Mouse6 (N64-2g-4F),1,40,0,1
Mouse6 (N64-2g-4F),1,41,1,1
Mouse6 (N64-2g-4F),1,42,1,1
Mouse6 (N64-2g-4F),1,43,0,1
Mouse6 (N64-2g-4F),1,44,1,1
Mouse6 (N64-2g-4F),1,45,0,1
Mouse6 (N64-2g-4F),1,46,1,1
Mouse6 (N64-2g-4F),1,47,1,1
Mouse6 (N64-2g-4F),1,48,1,1
Mouse6 (N64-2g-4F),1,49,0,1
Mouse6 (N64-2g-4F),1,50,0,1
Mouse6 (N64-2g-4F),1,51,1,1
Mouse6 (N64-2g-4F),1,52,1,1
Mouse6 (N64-2g-4F),1,53,0,1
Mouse6 (N64-2g-4F),1,54,1,1
Mouse6 (N64-2g-4F),1,55,1,1
Mouse6 (N64-2g-4F),1,56,1,1
Mouse6 (N64-2g-4F),1,57,1,1
Mouse6 (N64-2g-4F),1,58,0,1
Mouse6 (N64-2g-4F),1,59,1,1
Mouse6 (N64-2g-4F),1,60,1,1
Mouse6 (N64-2g-4F),1,61,1,1
Mouse6 (N64-2g-4F),1,62,1,1
Mouse6 (N64-2g-4F),1,63,1,1
Mouse6 (N64-2g-4F),1,64,1,1
Mouse6 (N64-2g-4F),1,65,1,1
Mouse6 (N64-2g-4F),1,66,1,1
Mouse6 (N64-2g-4F),1,67,1,1
Mouse6 (N64-2g-4F),1,68,1,1
Mouse6 (N64-2g-4F),1,69,1,1
Mouse6 (N64-2g-4F),1,70,1,1
Mouse6 (N64-2g-4F),1,71,1,1
Mouse6 (N64-2g-4F),1,72,1,1
Mouse6 (N64-2g-4F),1,73,1,1
Mouse6 (N64-2g-4F),1,74,1,1
Mouse6 (N64-2g-4F),1,75,1,1
Mouse6 (N64-2g-4F),1,76,0,1
Mouse6 (N64-2g-4F),1,77,1,1
Mouse6 (N64-2g-4F),1,78,1,1
Mouse6 (N64-2g-4F),1,79,0,1
Mouse6 (N64-2g-4F),1,80,1,1
Mouse6 (N64-2g-4F),1,81,1,1
Mouse6 (N64-2g-4F),1,82,0,1
Mouse6 (N64-2g-4F),1,83,1,1
Mouse6 (N64-2g-4F),1,84,1,1
Mouse6 (N64-2g-4F),1,85,1,1
Mouse6 (N64-2g-4F),1,86,1,1
Mouse6 (N64-2g-4F),1,87,0,1
Mouse6 (N64-2g-4F),1,88,1,1
Mouse6 (N64-2g-4F),1,89,1,1
Mouse6 (N64-2g-4F),1,90,1,1
Mouse6 (N64-2g-4F),1,91,0,1
Mouse6 (N64-2g-4F),1,92,1,1
Mouse6 (N64-2g-4F),1,93,0,1
Mouse6 (N64-2g-4F),1,94,1,1
Mouse6 (N64-2g-4F),1,95,0,1
Mouse6 (N64-2g-4F),1,96,1,1
Mouse6 (N64-2g-4F),1,97,1,1
Mouse6 (N64-2g-4F),1,98,1,1
Mouse6 (N64-2g-4F),1,99,1,1
Mouse6 (N64-2g-4F),1,100,0,1
Mouse6 (N64-2g-4F),1,101,1,1
Mouse6 (N64-2g-4F),1,102,1,1
Mouse6 (N64-2g-4F),1,103,1,1
Mouse6 (N64-2g-4F),1,104,1,1
Mouse6 (N64-2g-4F),1,105,1,1
Mouse6 (N64-2g-4F),1,106,1,1
Mouse6 (N64-2g-4F),1,107,1,1
Mouse7 (Ｎ13-2g-36F),1,1,1,2
Mouse7 (Ｎ13-2g-36F),1,2,0,2
Mouse7 (Ｎ13-2g-36F),1,3,1,2
Mouse7 (Ｎ13-2g-36F),1,4,1,2
Mouse7 (Ｎ13-2g-36F),1,5,1,2
Mouse7 (Ｎ13-2g-36F),1,6,1,2
Mouse7 (Ｎ13-2g-36F),1,7,0,2
Mouse7 (Ｎ13-2g-36F),1,8,0,2
Mouse7 (Ｎ13-2g-36F),1,9,1,2
Mouse7 (Ｎ13-2g-36F),1,10,1,2
Mouse7 (Ｎ13-2g-36F),1,11,1,2
Mouse7 (Ｎ13-2g-36F),1,12,0,2
Mouse7 (Ｎ13-2g-36F),1,13,1,2
Mouse7 (Ｎ13-2g-36F),1,14,0,2
Mouse7 (Ｎ13-2g-36F),1,15,1,2
Mouse8 (N10-2g-42F),1,1,1,2
Mouse8 (N10-2g-42F),1,2,0,2
Mouse8 (N10-2g-42F),1,3,0,2
Mouse8 (N10-2g-42F),1,4,1,2
Mouse8 (N10-2g-42F),1,5,1,2
Mouse8 (N10-2g-42F),1,6,1,2
Mouse8 (N10-2g-42F),1,7,0,2
Mouse8 (N10-2g-42F),1,8,1,2
Mouse8 (N10-2g-42F),1,9,1,2
Mouse8 (N10-2g-42F),1,10,1,2
Mouse8 (N10-2g-42F),1,11,1,2
Mouse8 (N10-2g-42F),1,12,1,2
Mouse8 (N10-2g-42F),1,13,1,2
Mouse8 (N10-2g-42F),1,14,1,2
Mouse8 (N10-2g-42F),1,15,1,2
Mouse8 (N10-2g-42F),1,16,1,2
Mouse8 (N10-2g-42F),1,17,1,2
Mouse8 (N10-2g-42F),1,18,1,2
Mouse8 (N10-2g-42F),1,19,1,2
Mouse8 (N10-2g-42F),1,20,1,2
Mouse8 (N10-2g-42F),1,21,1,2
Mouse8 (N10-2g-42F),1,22,1,2
Mouse8 (N10-2g-42F),1,23,1,2
Mouse8 (N10-2g-42F),1,24,1,2
Mouse8 (N10-2g-42F),1,25,1,2
Mouse8 (N10-2g-42F),1,26,1,2
Mouse8 (N10-2g-42F),1,27,1,2
Mouse8 (N10-2g-42F),1,28,1,2
Mouse8 (N10-2g-42F),1,29,1,2
Mouse8 (N10-2g-42F),1,30,1,2
Mouse8 (N10-2g-42F),1,31,1,2
Mouse8 (N10-2g-42F),1,32,1,2
Mouse8 (N10-2g-42F),1,33,1,2
Mouse8 (N10-2g-42F),1,34,0,2
Mouse8 (N10-2g-42F),1,35,1,2
Mouse8 (N10-2g-42F),1,36,1,2
Mouse8 (N10-2g-42F),1,37,1,2
Mouse8 (N10-2g-42F),1,38,1,2
Mouse8 (N10-2g-42F),1,39,1,2
Mouse8 (N10-2g-42F),1,40,1,2
Mouse8 (N10-2g-42F),1,41,1,2
Mouse8 (N10-2g-42F),1,42,1,2
Mouse8 (N10-2g-42F),1,43,0,2
Mouse8 (N10-2g-42F),1,44,1,2
Mouse8 (N10-2g-42F),1,45,1,2
Mouse8 (N10-2g-42F),1,46,1,2
Mouse8 (N10-2g-42F),1,47,1,2
Mouse8 (N10-2g-42F),1,48,1,2
Mouse8 (N10-2g-42F),1,49,1,2
Mouse8 (N10-2g-42F),1,50,1,2
Mouse8 (N10-2g-42F),1,51,1,2
Mouse8 (N10-2g-42F),1,52,1,2
Mouse8 (N10-2g-42F),1,53,1,2
Mouse8 (N10-2g-42F),1,54,1,2
Mouse8 (N10-2g-42F),1,55,1,2
Mouse8 (N10-2g-42F),1,56,1,2
Mouse8 (N10-2g-42F),1,57,1,2
Mouse8 (N10-2g-42F),1,58,1,2
Mouse8 (N10-2g-42F),1,59,1,2
Mouse8 (N10-2g-42F),1,60,1,2
Mouse8 (N10-2g-42F),1,61,1,2
Mouse8 (N10-2g-42F),1,62,1,2
Mouse8 (N10-2g-42F),1,63,1,2
Mouse8 (N10-2g-42F),1,64,1,2
Mouse8 (N10-2g-42F),1,65,1,2
Mouse8 (N10-2g-42F),1,66,1,2
Mouse8 (N10-2g-42F),1,67,1,2
Mouse8 (N10-2g-42F),1,68,1,2
Mouse8 (N10-2g-42F),1,69,1,2
Mouse8 (N10-2g-42F),1,70,1,2
Mouse8 (N10-2g-42F),1,71,1,2
Mouse8 (N10-2g-42F),1,72,1,2
Mouse8 (N10-2g-42F),1,73,1,2
Mouse8 (N10-2g-42F),1,74,1,2
Mouse8 (N10-2g-42F),1,75,1,2
Mouse8 (N10-2g-42F),1,76,1,2
Mouse8 (N10-2g-42F),1,77,1,2
Mouse8 (N10-2g-42F),1,78,1,2
Mouse8 (N10-2g-42F),1,79,1,2
Mouse8 (N10-2g-42F),1,80,1,2
Mouse8 (N10-2g-42F),1,81,1,2
Mouse8 (N10-2g-42F),1,82,1,2
Mouse8 (N10-2g-42F),1,83,1,2
Mouse8 (N10-2g-42F),1,84,1,2
Mouse8 (N10-2g-42F),1,85,1,2
Mouse9 (N10-2g-43F),1,1,1,2
Mouse9 (N10-2g-43F),1,2,1,2
Mouse9 (N10-2g-43F),1,3,1,2
Mouse9 (N10-2g-43F),1,4,1,2
Mouse9 (N10-2g-43F),1,5,1,2
Mouse9 (N10-2g-43F),1,6,1,2
Mouse9 (N10-2g-43F),1,7,1,2
Mouse9 (N10-2g-43F),1,8,1,2
Mouse9 (N10-2g-43F),1,9,1,2
Mouse9 (N10-2g-43F),1,10,0,2
Mouse9 (N10-2g-43F),1,11,1,2
Mouse9 (N10-2g-43F),1,12,1,2
Mouse9 (N10-2g-43F),1,13,1,2
Mouse9 (N10-2g-43F),1,14,1,2
Mouse9 (N10-2g-43F),1,15,1,2
Mouse9 (N10-2g-43F),1,16,1,2
Mouse9 (N10-2g-43F),1,17,1,2
Mouse9 (N10-2g-43F),1,18,1,2
Mouse9 (N10-2g-43F),1,19,1,2
Mouse9 (N10-2g-43F),1,20,1,2
Mouse9 (N10-2g-43F),1,21,1,2
Mouse9 (N10-2g-43F),1,22,0,2
Mouse9 (N10-2g-43F),1,23,1,2
Mouse9 (N10-2g-43F),1,24,1,2
Mouse9 (N10-2g-43F),1,25,1,2
Mouse9 (N10-2g-43F),1,26,0,2
Mouse9 (N10-2g-43F),1,27,1,2
Mouse9 (N10-2g-43F),1,28,1,2
Mouse9 (N10-2g-43F),1,29,1,2
Mouse9 (N10-2g-43F),1,30,1,2
Mouse9 (N10-2g-43F),1,31,1,2
Mouse9 (N10-2g-43F),1,32,1,2
Mouse9 (N10-2g-43F),1,33,1,2
Mouse9 (N10-2g-43F),1,34,1,2
Mouse9 (N10-2g-43F),1,35,1,2
Mouse9 (N10-2g-43F),1,36,1,2
Mouse9 (N10-2g-43F),1,37,1,2
Mouse9 (N10-2g-43F),1,38,1,2
Mouse9 (N10-2g-43F),1,39,1,2
Mouse9 (N10-2g-43F),1,40,1,2
Mouse9 (N10-2g-43F),1,41,1,2
Mouse9 (N10-2g-43F),1,42,1,2
Mouse9 (N10-2g-43F),1,43,1,2
Mouse9 (N10-2g-43F),1,44,1,2
Mouse9 (N10-2g-43F),1,45,1,2
Mouse9 (N10-2g-43F),1,46,1,2
Mouse9 (N10-2g-43F),1,47,1,2
Mouse9 (N10-2g-43F),1,48,1,2
Mouse9 (N10-2g-43F),1,49,1,2
Mouse9 (N10-2g-43F),1,50,1,2
Mouse9 (N10-2g-43F),1,51,1,2
Mouse9 (N10-2g-43F),1,52,1,2
Mouse9 (N10-2g-43F),1,53,0,2
Mouse9 (N10-2g-43F),1,54,1,2
Mouse9 (N10-2g-43F),1,55,1,2
Mouse9 (N10-2g-43F),1,56,1,2
Mouse9 (N10-2g-43F),1,57,1,2
Mouse9 (N10-2g-43F),1,58,0,2
Mouse9 (N10-2g-43F),1,59,1,2
Mouse9 (N10-2g-43F),1,60,1,2
Mouse9 (N10-2g-43F),1,61,1,2
Mouse9 (N10-2g-43F),1,62,1,2
Mouse9 (N10-2g-43F),1,63,1,2
Mouse9 (N10-2g-43F),1,64,1,2
Mouse9 (N10-2g-43F),1,65,1,2
Mouse9 (N10-2g-43F),1,66,1,2
Mouse9 (N10-2g-43F),1,67,1,2
Mouse9 (N10-2g-43F),1,68,1,2
Mouse9 (N10-2g-43F),1,69,1,2
Mouse9 (N10-2g-43F),1,70,0,2
Mouse9 (N10-2g-43F),1,71,1,2
Mouse9 (N10-2g-43F),1,72,1,2
Mouse9 (N10-2g-43F),1,73,1,2
Mouse9 (N10-2g-43F),1,74,0,2
Mouse9 (N10-2g-43F),1,75,1,2
Mouse9 (N10-2g-43F),1,76,1,2
Mouse9 (N10-2g-43F),1,77,1,2
Mouse9 (N10-2g-43F),1,78,1,2
Mouse9 (N10-2g-43F),1,79,1,2
Mouse9 (N10-2g-43F),1,80,1,2
Mouse9 (N10-2g-43F),1,81,1,2
Mouse9 (N10-2g-43F),1,82,1,2
Mouse9 (N10-2g-43F),1,83,1,2
Mouse9 (N10-2g-43F),1,84,1,2
Mouse9 (N10-2g-43F),1,85,1,2
Mouse9 (N10-2g-43F),1,86,0,2
Mouse9 (N10-2g-43F),1,87,1,2
Mouse9 (N10-2g-43F),1,88,1,2
Mouse10 (N40-2g-21F),1,1,1,2
Mouse10 (N40-2g-21F),1,2,1,2
Mouse10 (N40-2g-21F),1,3,1,2
Mouse10 (N40-2g-21F),1,4,1,2
Mouse10 (N40-2g-21F),1,5,1,2
Mouse10 (N40-2g-21F),1,6,1,2
Mouse10 (N40-2g-21F),1,7,1,2
Mouse10 (N40-2g-21F),1,8,0,2
Mouse10 (N40-2g-21F),1,9,1,2
Mouse10 (N40-2g-21F),1,10,1,2
Mouse10 (N40-2g-21F),1,11,1,2
Mouse10 (N40-2g-21F),1,12,1,2
Mouse10 (N40-2g-21F),1,13,1,2
Mouse10 (N40-2g-21F),1,14,1,2
Mouse10 (N40-2g-21F),1,15,1,2
Mouse10 (N40-2g-21F),1,16,1,2
Mouse10 (N40-2g-21F),1,17,1,2
Mouse10 (N40-2g-21F),1,18,1,2
Mouse10 (N40-2g-21F),1,19,1,2
Mouse10 (N40-2g-21F),1,20,1,2
Mouse10 (N40-2g-21F),1,21,1,2
Mouse10 (N40-2g-21F),1,22,1,2
Mouse10 (N40-2g-21F),1,23,1,2
Mouse10 (N40-2g-21F),1,24,0,2
Mouse10 (N40-2g-21F),1,25,1,2
Mouse10 (N40-2g-21F),1,26,1,2
Mouse10 (N40-2g-21F),1,27,1,2
Mouse10 (N40-2g-21F),1,28,1,2
Mouse10 (N40-2g-21F),1,29,1,2
Mouse10 (N40-2g-21F),1,30,1,2
Mouse10 (N40-2g-21F),1,31,1,2
Mouse10 (N40-2g-21F),1,32,0,2
Mouse10 (N40-2g-21F),1,33,1,2
Mouse10 (N40-2g-21F),1,34,0,2
Mouse10 (N40-2g-21F),1,35,1,2
Mouse10 (N40-2g-21F),1,36,1,2
Mouse10 (N40-2g-21F),1,37,1,2
Mouse10 (N40-2g-21F),1,38,1,2
Mouse10 (N40-2g-21F),1,39,1,2
Mouse10 (N40-2g-21F),1,40,1,2
Mouse10 (N40-2g-21F),1,41,1,2
Mouse10 (N40-2g-21F),1,42,1,2
Mouse10 (N40-2g-21F),1,43,0,2
Mouse10 (N40-2g-21F),1,44,1,2
Mouse10 (N40-2g-21F),1,45,1,2
Mouse10 (N40-2g-21F),1,46,1,2
Mouse10 (N40-2g-21F),1,47,0,2
Mouse10 (N40-2g-21F),1,48,1,2
Mouse10 (N40-2g-21F),1,49,0,2
Mouse10 (N40-2g-21F),1,50,1,2
Mouse10 (N40-2g-21F),1,51,1,2
Mouse10 (N40-2g-21F),1,52,1,2
Mouse10 (N40-2g-21F),1,53,1,2
Mouse10 (N40-2g-21F),1,54,1,2
Mouse10 (N40-2g-21F),1,55,1,2
Mouse10 (N40-2g-21F),1,56,1,2
Mouse10 (N40-2g-21F),1,57,1,2
Mouse10 (N40-2g-21F),1,58,0,2
Mouse10 (N40-2g-21F),1,59,0,2
Mouse10 (N40-2g-21F),1,60,1,2
Mouse10 (N40-2g-21F),1,61,1,2
Mouse10 (N40-2g-21F),1,62,1,2
Mouse10 (N40-2g-21F),1,63,1,2
Mouse10 (N40-2g-21F),1,64,1,2
Mouse10 (N40-2g-21F),1,65,1,2
Mouse10 (N40-2g-21F),1,66,1,2
Mouse10 (N40-2g-21F),1,67,1,2
Mouse10 (N40-2g-21F),1,68,0,2
Mouse10 (N40-2g-21F),1,69,1,2
Mouse10 (N40-2g-21F),1,70,1,2
Mouse10 (N40-2g-21F),1,71,1,2
Mouse10 (N40-2g-21F),1,72,1,2
Mouse10 (N40-2g-21F),1,73,1,2
Mouse10 (N40-2g-21F),1,74,1,2
Mouse10 (N40-2g-21F),1,75,1,2
Mouse10 (N40-2g-21F),1,76,1,2
Mouse10 (N40-2g-21F),1,77,0,2
Mouse10 (N40-2g-21F),1,78,1,2
Mouse10 (N40-2g-21F),1,79,1,2
Mouse10 (N40-2g-21F),1,80,1,2
Mouse10 (N40-2g-21F),1,81,1,2
Mouse10 (N40-2g-21F),1,82,0,2
Mouse10 (N40-2g-21F),1,83,0,2
Mouse10 (N40-2g-21F),1,84,1,2
Mouse10 (N40-2g-21F),1,85,1,2
Mouse10 (N40-2g-21F),1,86,1,2
Mouse10 (N40-2g-21F),1,87,1,2
Mouse10 (N40-2g-21F),1,88,1,2
Mouse10 (N40-2g-21F),1,89,0,2
Mouse10 (N40-2g-21F),1,90,1,2
Mouse10 (N40-2g-21F),1,91,1,2
Mouse10 (N40-2g-21F),1,92,1,2
Mouse10 (N40-2g-21F),1,93,1,2
Mouse10 (N40-2g-21F),1,94,1,2
Mouse11 (N40-2g-22F),1,1,1,2
Mouse11 (N40-2g-22F),1,2,0,2
Mouse11 (N40-2g-22F),1,3,0,2
Mouse11 (N40-2g-22F),1,4,1,2
Mouse11 (N40-2g-22F),1,5,1,2
Mouse11 (N40-2g-22F),1,6,1,2
Mouse11 (N40-2g-22F),1,7,1,2
Mouse11 (N40-2g-22F),1,8,1,2
Mouse11 (N40-2g-22F),1,9,1,2
Mouse11 (N40-2g-22F),1,10,1,2
Mouse11 (N40-2g-22F),1,11,1,2
Mouse11 (N40-2g-22F),1,12,1,2
Mouse11 (N40-2g-22F),1,13,1,2
Mouse11 (N40-2g-22F),1,14,1,2
Mouse11 (N40-2g-22F),1,15,1,2
Mouse11 (N40-2g-22F),1,16,0,2
Mouse11 (N40-2g-22F),1,17,0,2
Mouse11 (N40-2g-22F),1,18,1,2
Mouse11 (N40-2g-22F),1,19,1,2
Mouse11 (N40-2g-22F),1,20,1,2
Mouse11 (N40-2g-22F),1,21,1,2
Mouse11 (N40-2g-22F),1,22,1,2
Mouse11 (N40-2g-22F),1,23,1,2
Mouse11 (N40-2g-22F),1,24,0,2
Mouse11 (N40-2g-22F),1,25,1,2
Mouse11 (N40-2g-22F),1,26,1,2
Mouse11 (N40-2g-22F),1,27,1,2
Mouse11 (N40-2g-22F),1,28,1,2
Mouse11 (N40-2g-22F),1,29,1,2
Mouse11 (N40-2g-22F),1,30,1,2
Mouse11 (N40-2g-22F),1,31,1,2
Mouse11 (N40-2g-22F),1,32,1,2
Mouse11 (N40-2g-22F),1,33,1,2
Mouse11 (N40-2g-22F),1,34,1,2
Mouse11 (N40-2g-22F),1,35,1,2
Mouse11 (N40-2g-22F),1,36,1,2
Mouse11 (N40-2g-22F),1,37,1,2
Mouse11 (N40-2g-22F),1,38,1,2
Mouse11 (N40-2g-22F),1,39,1,2
Mouse11 (N40-2g-22F),1,40,1,2
Mouse11 (N40-2g-22F),1,41,1,2
Mouse11 (N40-2g-22F),1,42,1,2
Mouse11 (N40-2g-22F),1,43,1,2
Mouse11 (N40-2g-22F),1,44,1,2
Mouse11 (N40-2g-22F),1,45,1,2
Mouse11 (N40-2g-22F),1,46,1,2
Mouse11 (N40-2g-22F),1,47,1,2
Mouse11 (N40-2g-22F),1,48,1,2
Mouse11 (N40-2g-22F),1,49,1,2
Mouse11 (N40-2g-22F),1,50,1,2
Mouse11 (N40-2g-22F),1,51,1,2
Mouse11 (N40-2g-22F),1,52,0,2
Mouse11 (N40-2g-22F),1,53,1,2
Mouse11 (N40-2g-22F),1,54,1,2
Mouse11 (N40-2g-22F),1,55,0,2
Mouse11 (N40-2g-22F),1,56,1,2
Mouse11 (N40-2g-22F),1,57,1,2
Mouse11 (N40-2g-22F),1,58,1,2
Mouse11 (N40-2g-22F),1,59,1,2
Mouse11 (N40-2g-22F),1,60,1,2
Mouse11 (N40-2g-22F),1,61,1,2
Mouse11 (N40-2g-22F),1,62,1,2
Mouse11 (N40-2g-22F),1,63,1,2
Mouse11 (N40-2g-22F),1,64,1,2
Mouse11 (N40-2g-22F),1,65,1,2
Mouse11 (N40-2g-22F),1,66,1,2
Mouse11 (N40-2g-22F),1,67,1,2
Mouse11 (N40-2g-22F),1,68,0,2
Mouse11 (N40-2g-22F),1,69,1,2
Mouse11 (N40-2g-22F),1,70,1,2
Mouse11 (N40-2g-22F),1,71,1,2
Mouse11 (N40-2g-22F),1,72,1,2
Mouse11 (N40-2g-22F),1,73,1,2
Mouse11 (N40-2g-22F),1,74,0,2
Mouse11 (N40-2g-22F),1,75,1,2
Mouse11 (N40-2g-22F),1,76,1,2
Mouse11 (N40-2g-22F),1,77,1,2
Mouse11 (N40-2g-22F),1,78,1,2
Mouse11 (N40-2g-22F),1,79,0,2
Mouse11 (N40-2g-22F),1,80,1,2
Mouse11 (N40-2g-22F),1,81,1,2
Mouse11 (N40-2g-22F),1,82,0,2
Mouse11 (N40-2g-22F),1,83,1,2
Mouse11 (N40-2g-22F),1,84,1,2
Mouse11 (N40-2g-22F),1,85,0,2
Mouse11 (N40-2g-22F),1,86,0,2
Mouse11 (N40-2g-22F),1,87,1,2
Mouse11 (N40-2g-22F),1,88,1,2
Mouse11 (N40-2g-22F),1,89,0,2
Mouse11 (N40-2g-22F),1,90,0,2
Mouse11 (N40-2g-22F),1,91,1,2
Mouse11 (N40-2g-22F),1,92,0,2
Mouse11 (N40-2g-22F),1,93,0,2
Mouse11 (N40-2g-22F),1,94,0,2
Mouse11 (N40-2g-22F),1,95,0,2
Mouse11 (N40-2g-22F),1,96,0,2
Mouse11 (N40-2g-22F),1,97,0,2
Mouse11 (N40-2g-22F),1,98,0,2
Mouse11 (N40-2g-22F),1,99,1,2
Mouse11 (N40-2g-22F),1,100,0,2
Mouse11 (N40-2g-22F),1,101,1,2
Mouse11 (N40-2g-22F),1,102,1,2
Mouse11 (N40-2g-22F),1,103,1,2
Mouse12 (N40-2g-56F),1,1,1,2
Mouse12 (N40-2g-56F),1,2,1,2
Mouse12 (N40-2g-56F),1,3,1,2
Mouse12 (N40-2g-56F),1,4,1,2
Mouse12 (N40-2g-56F),1,5,1,2
Mouse12 (N40-2g-56F),1,6,1,2
Mouse12 (N40-2g-56F),1,7,1,2
Mouse12 (N40-2g-56F),1,8,1,2
Mouse12 (N40-2g-56F),1,9,1,2
Mouse12 (N40-2g-56F),1,10,1,2
Mouse12 (N40-2g-56F),1,11,1,2
Mouse12 (N40-2g-56F),1,12,0,2
Mouse12 (N40-2g-56F),1,13,1,2
Mouse12 (N40-2g-56F),1,14,1,2
Mouse12 (N40-2g-56F),1,15,1,2
Mouse12 (N40-2g-56F),1,16,1,2
Mouse12 (N40-2g-56F),1,17,1,2
Mouse12 (N40-2g-56F),1,18,0,2
Mouse12 (N40-2g-56F),1,19,1,2
Mouse12 (N40-2g-56F),1,20,1,2
Mouse12 (N40-2g-56F),1,21,1,2
Mouse12 (N40-2g-56F),1,22,1,2
Mouse12 (N40-2g-56F),1,23,1,2
Mouse12 (N40-2g-56F),1,24,1,2
Mouse12 (N40-2g-56F),1,25,1,2
Mouse12 (N40-2g-56F),1,26,1,2
Mouse12 (N40-2g-56F),1,27,1,2
Mouse12 (N40-2g-56F),1,28,1,2
Mouse12 (N40-2g-56F),1,29,1,2
Mouse12 (N40-2g-56F),1,30,1,2
Mouse12 (N40-2g-56F),1,31,1,2
Mouse12 (N40-2g-56F),1,32,1,2
Mouse12 (N40-2g-56F),1,33,1,2
Mouse12 (N40-2g-56F),1,34,1,2
Mouse12 (N40-2g-56F),1,35,1,2
Mouse12 (N40-2g-56F),1,36,1,2
Mouse12 (N40-2g-56F),1,37,0,2
Mouse12 (N40-2g-56F),1,38,1,2
Mouse12 (N40-2g-56F),1,39,1,2
Mouse12 (N40-2g-56F),1,40,1,2
Mouse12 (N40-2g-56F),1,41,1,2
Mouse12 (N40-2g-56F),1,42,1,2
Mouse12 (N40-2g-56F),1,43,1,2
Mouse12 (N40-2g-56F),1,44,1,2
Mouse12 (N40-2g-56F),1,45,1,2
Mouse12 (N40-2g-56F),1,46,1,2
Mouse12 (N40-2g-56F),1,47,1,2
Mouse12 (N40-2g-56F),1,48,0,2
Mouse12 (N40-2g-56F),1,49,1,2
Mouse12 (N40-2g-56F),1,50,1,2
Mouse12 (N40-2g-56F),1,51,1,2
Mouse12 (N40-2g-56F),1,52,1,2
Mouse12 (N40-2g-56F),1,53,1,2
Mouse12 (N40-2g-56F),1,54,1,2
Mouse12 (N40-2g-56F),1,55,1,2
Mouse12 (N40-2g-56F),1,56,1,2
Mouse12 (N40-2g-56F),1,57,1,2
Mouse12 (N40-2g-56F),1,58,1,2
Mouse12 (N40-2g-56F),1,59,1,2
Mouse12 (N40-2g-56F),1,60,1,2
Mouse12 (N40-2g-56F),1,61,0,2
Mouse12 (N40-2g-56F),1,62,1,2
Mouse12 (N40-2g-56F),1,63,1,2
Mouse12 (N40-2g-56F),1,64,1,2
Mouse12 (N40-2g-56F),1,65,1,2
Mouse12 (N40-2g-56F),1,66,1,2
Mouse12 (N40-2g-56F),1,67,1,2
Mouse12 (N40-2g-56F),1,68,1,2
Mouse12 (N40-2g-56F),1,69,0,2
Mouse12 (N40-2g-56F),1,70,1,2
Mouse12 (N40-2g-56F),1,71,1,2
Mouse12 (N40-2g-56F),1,72,0,2
Mouse12 (N40-2g-56F),1,73,1,2
Mouse12 (N40-2g-56F),1,74,1,2
Mouse12 (N40-2g-56F),1,75,0,2
Mouse12 (N40-2g-56F),1,76,1,2
Mouse12 (N40-2g-56F),1,77,1,2
Mouse12 (N40-2g-56F),1,78,1,2
Mouse12 (N40-2g-56F),1,79,1,2
Mouse12 (N40-2g-56F),1,80,1,2
Mouse12 (N40-2g-56F),1,81,1,2
Mouse12 (N40-2g-56F),1,82,1,2
Mouse12 (N40-2g-56F),1,83,1,2
Mouse12 (N40-2g-56F),1,84,1,2
Mouse12 (N40-2g-56F),1,85,1,2
Mouse12 (N40-2g-56F),1,86,1,2
Mouse12 (N40-2g-56F),1,87,1,2
Mouse12 (N40-2g-56F),1,88,1,2
