mouse,trial,session,result,geno
Mouse1,1,1,1,1
Mouse1,2,1,1,1
Mouse1,3,1,1,1
Mouse1,4,1,1,1
Mouse1,5,1,1,1
Mouse1,6,1,1,1
Mouse1,7,1,0,1
Mouse1,8,1,1,1
Mouse1,9,1,0,1
Mouse1,10,1,0,1
Mouse1,11,1,0,1
Mouse1,12,1,1,1
Mouse1,13,1,1,1
Mouse1,14,1,1,1
Mouse1,15,1,1,1
Mouse1,16,1,0,1
Mouse1,17,1,1,1
Mouse1,18,1,1,1
Mouse1,19,1,1,1
Mouse1,20,1,0,1
Mouse1,21,1,0,1
Mouse1,22,1,1,1
Mouse1,23,1,1,1
Mouse1,24,1,1,1
Mouse1,25,1,0,1
Mouse1,26,1,1,1
Mouse1,27,1,1,1
Mouse1,28,1,1,1
Mouse1,29,1,1,1
Mouse1,30,1,0,1
Mouse1,31,1,1,1
Mouse1,32,1,1,1
Mouse1,33,1,0,1
Mouse1,34,1,1,1
Mouse1,35,1,1,1
Mouse1,36,1,1,1
Mouse1,37,1,1,1
Mouse1,38,1,1,1
Mouse1,39,1,0,1
Mouse1,40,1,0,1
Mouse1,41,1,1,1
Mouse1,42,1,0,1
Mouse1,43,1,1,1
Mouse1,44,1,1,1
Mouse1,45,1,1,1
Mouse1,46,1,1,1
Mouse1,47,1,1,1
Mouse1,48,1,0,1
Mouse1,49,1,1,1
Mouse1,50,1,0,1
Mouse1,51,2,1,1
Mouse1,52,2,1,1
Mouse1,53,2,1,1
Mouse1,54,2,0,1
Mouse1,55,2,0,1
Mouse1,56,2,1,1
Mouse1,57,2,1,1
Mouse1,58,2,1,1
Mouse1,59,2,1,1
Mouse1,60,2,1,1
Mouse1,61,2,1,1
Mouse1,62,2,0,1
Mouse1,63,2,1,1
Mouse1,64,2,1,1
Mouse1,65,2,0,1
Mouse1,66,2,0,1
Mouse1,67,2,0,1
Mouse1,68,2,0,1
Mouse1,69,2,1,1
Mouse1,70,2,0,1
Mouse1,71,2,1,1
Mouse1,72,2,0,1
Mouse1,73,2,0,1
Mouse1,74,2,0,1
Mouse1,75,2,0,1
Mouse1,76,2,1,1
Mouse1,77,2,1,1
Mouse1,78,2,1,1
Mouse1,79,2,1,1
Mouse1,80,2,0,1
Mouse1,81,2,1,1
Mouse1,82,2,0,1
Mouse1,83,2,0,1
Mouse1,84,2,0,1
Mouse1,85,2,1,1
Mouse1,86,2,0,1
Mouse1,87,2,0,1
Mouse1,88,2,1,1
Mouse1,89,2,1,1
Mouse1,90,2,0,1
Mouse1,91,2,0,1
Mouse1,92,2,0,1
Mouse1,93,2,1,1
Mouse1,94,2,1,1
Mouse1,95,2,1,1
Mouse1,96,2,0,1
Mouse1,97,2,1,1
Mouse1,98,2,1,1
Mouse1,99,2,1,1
Mouse1,100,2,0,1
Mouse1,101,3,1,1
Mouse1,102,3,1,1
Mouse1,103,3,1,1
Mouse1,104,3,1,1
Mouse1,105,3,1,1
Mouse1,106,3,0,1
Mouse1,107,3,1,1
Mouse1,108,3,0,1
Mouse1,109,3,1,1
Mouse1,110,3,0,1
Mouse1,111,3,0,1
Mouse1,112,3,0,1
Mouse1,113,3,0,1
Mouse1,114,3,0,1
Mouse1,115,3,0,1
Mouse1,116,3,0,1
Mouse1,117,3,0,1
Mouse1,118,3,0,1
Mouse1,119,3,1,1
Mouse1,120,3,0,1
Mouse1,121,3,0,1
Mouse1,122,3,0,1
Mouse1,123,3,0,1
Mouse1,124,3,0,1
Mouse1,125,3,0,1
Mouse1,126,3,0,1
Mouse1,127,3,0,1
Mouse1,128,3,0,1
Mouse1,129,3,0,1
Mouse1,130,3,0,1
Mouse1,131,3,1,1
Mouse1,132,3,0,1
Mouse1,133,3,1,1
Mouse1,134,3,1,1
Mouse1,135,3,0,1
Mouse1,136,3,1,1
Mouse1,137,3,0,1
Mouse1,138,3,0,1
Mouse1,139,3,0,1
Mouse1,140,3,0,1
Mouse1,141,3,1,1
Mouse1,142,3,1,1
Mouse1,143,3,1,1
Mouse1,144,3,1,1
Mouse1,145,3,1,1
Mouse1,146,3,0,1
Mouse1,147,3,1,1
Mouse1,148,3,1,1
Mouse1,149,3,0,1
Mouse1,150,3,0,1
Mouse1,151,4,0,1
Mouse1,152,4,1,1
Mouse1,153,4,0,1
Mouse1,154,4,1,1
Mouse1,155,4,0,1
Mouse1,156,4,0,1
Mouse1,157,4,0,1
Mouse1,158,4,0,1
Mouse1,159,4,0,1
Mouse1,160,4,0,1
Mouse1,161,4,1,1
Mouse1,162,4,0,1
Mouse1,163,4,0,1
Mouse1,164,4,1,1
Mouse1,165,4,1,1
Mouse1,166,4,1,1
Mouse1,167,4,0,1
Mouse1,168,4,1,1
Mouse1,169,4,1,1
Mouse1,170,4,1,1
Mouse1,171,4,1,1
Mouse1,172,4,0,1
Mouse1,173,4,1,1
Mouse1,174,4,1,1
Mouse1,175,4,1,1
Mouse1,176,4,0,1
Mouse1,177,4,1,1
Mouse1,178,4,0,1
Mouse1,179,4,1,1
Mouse1,180,4,1,1
Mouse1,181,4,1,1
Mouse1,182,4,0,1
Mouse1,183,4,1,1
Mouse1,184,4,1,1
Mouse1,185,4,0,1
Mouse1,186,4,0,1
Mouse1,187,4,0,1
Mouse1,188,4,0,1
Mouse1,189,4,0,1
Mouse1,190,4,1,1
Mouse1,191,4,0,1
Mouse1,192,4,1,1
Mouse1,193,4,1,1
Mouse1,194,4,1,1
Mouse1,195,4,1,1
Mouse1,196,4,0,1
Mouse1,197,4,1,1
Mouse1,198,4,1,1
Mouse1,199,4,1,1
Mouse1,200,4,0,1
Mouse1,201,5,0,1
Mouse1,202,5,1,1
Mouse1,203,5,0,1
Mouse1,204,5,0,1
Mouse1,205,5,0,1
Mouse1,206,5,1,1
Mouse1,207,5,1,1
Mouse1,208,5,0,1
Mouse1,209,5,0,1
Mouse1,210,5,0,1
Mouse1,211,5,0,1
Mouse1,212,5,0,1
Mouse1,213,5,0,1
Mouse1,214,5,1,1
Mouse1,215,5,0,1
Mouse1,216,5,1,1
Mouse1,217,5,0,1
Mouse1,218,5,0,1
Mouse1,219,5,0,1
Mouse1,220,5,1,1
Mouse1,221,5,1,1
Mouse1,222,5,1,1
Mouse1,223,5,0,1
Mouse1,224,5,1,1
Mouse1,225,5,1,1
Mouse1,226,5,0,1
Mouse1,227,5,0,1
Mouse1,228,5,0,1
Mouse1,229,5,1,1
Mouse1,230,5,0,1
Mouse1,231,5,1,1
Mouse1,232,5,1,1
Mouse1,233,5,1,1
Mouse1,234,5,1,1
Mouse1,235,5,0,1
Mouse1,236,5,0,1
Mouse1,237,5,1,1
Mouse1,238,5,1,1
Mouse1,239,5,1,1
Mouse1,240,5,1,1
Mouse1,241,5,0,1
Mouse1,242,5,1,1
Mouse1,243,5,0,1
Mouse1,244,5,0,1
Mouse1,245,5,0,1
Mouse1,246,5,1,1
Mouse1,247,5,1,1
Mouse1,248,5,1,1
Mouse1,249,5,1,1
Mouse1,250,5,1,1
Mouse1,251,6,1,1
Mouse1,252,6,1,1
Mouse1,253,6,0,1
Mouse1,254,6,0,1
Mouse1,255,6,0,1
Mouse1,256,6,0,1
Mouse1,257,6,1,1
Mouse1,258,6,0,1
Mouse1,259,6,0,1
Mouse1,260,6,0,1
Mouse1,261,6,1,1
Mouse1,262,6,0,1
Mouse1,263,6,0,1
Mouse1,264,6,1,1
Mouse1,265,6,1,1
Mouse1,266,6,1,1
Mouse1,267,6,1,1
Mouse1,268,6,1,1
Mouse1,269,6,1,1
Mouse1,270,6,0,1
Mouse1,271,6,0,1
Mouse1,272,6,0,1
Mouse1,273,6,1,1
Mouse1,274,6,1,1
Mouse1,275,6,1,1
Mouse1,276,6,1,1
Mouse1,277,6,1,1
Mouse1,278,6,1,1
Mouse1,279,6,1,1
Mouse1,280,6,1,1
Mouse1,281,6,1,1
Mouse1,282,6,1,1
Mouse1,283,6,1,1
Mouse1,284,6,1,1
Mouse1,285,6,1,1
Mouse1,286,6,1,1
Mouse1,287,6,0,1
Mouse1,288,6,0,1
Mouse1,289,6,0,1
Mouse1,290,6,0,1
Mouse1,291,6,1,1
Mouse1,292,6,0,1
Mouse1,293,6,1,1
Mouse1,294,6,1,1
Mouse1,295,6,1,1
Mouse1,296,6,1,1
Mouse1,297,6,0,1
Mouse1,298,6,1,1
Mouse1,299,6,0,1
Mouse1,300,6,1,1
Mouse1,301,7,1,1
Mouse1,302,7,1,1
Mouse1,303,7,1,1
Mouse1,304,7,1,1
Mouse1,305,7,1,1
Mouse1,306,7,0,1
Mouse1,307,7,0,1
Mouse1,308,7,1,1
Mouse1,309,7,1,1
Mouse1,310,7,1,1
Mouse1,311,7,0,1
Mouse1,312,7,1,1
Mouse1,313,7,1,1
Mouse1,314,7,1,1
Mouse1,315,7,1,1
Mouse1,316,7,0,1
Mouse1,317,7,1,1
Mouse1,318,7,0,1
Mouse1,319,7,1,1
Mouse1,320,7,0,1
Mouse1,321,7,1,1
Mouse1,322,7,1,1
Mouse1,323,7,0,1
Mouse1,324,7,0,1
Mouse1,325,7,1,1
Mouse1,326,7,1,1
Mouse1,327,7,1,1
Mouse1,328,7,0,1
Mouse1,329,7,0,1
Mouse1,330,7,1,1
Mouse1,331,7,1,1
Mouse1,332,7,1,1
Mouse1,333,7,1,1
Mouse1,334,7,1,1
Mouse1,335,7,1,1
Mouse1,336,7,0,1
Mouse1,337,7,1,1
Mouse1,338,7,0,1
Mouse1,339,7,0,1
Mouse1,340,7,0,1
Mouse1,341,7,1,1
Mouse1,342,7,0,1
Mouse1,343,7,0,1
Mouse1,344,7,1,1
Mouse1,345,7,1,1
Mouse1,346,7,1,1
Mouse1,347,7,1,1
Mouse1,348,7,0,1
Mouse1,349,7,1,1
Mouse1,350,7,1,1
Mouse2,1,1,1,1
Mouse2,2,1,1,1
Mouse2,3,1,1,1
Mouse2,4,1,1,1
Mouse2,5,1,1,1
Mouse2,6,1,1,1
Mouse2,7,1,1,1
Mouse2,8,1,0,1
Mouse2,9,1,0,1
Mouse2,10,1,0,1
Mouse2,11,1,0,1
Mouse2,12,1,1,1
Mouse2,13,1,0,1
Mouse2,14,1,1,1
Mouse2,15,1,0,1
Mouse2,16,1,1,1
Mouse2,17,1,0,1
Mouse2,18,1,1,1
Mouse2,19,1,1,1
Mouse2,20,1,0,1
Mouse2,21,1,0,1
Mouse2,22,1,0,1
Mouse2,23,1,0,1
Mouse2,24,1,0,1
Mouse2,25,1,1,1
Mouse2,26,1,1,1
Mouse2,27,1,1,1
Mouse2,28,1,0,1
Mouse2,29,1,1,1
Mouse2,30,1,1,1
Mouse2,31,1,1,1
Mouse2,32,1,0,1
Mouse2,33,1,1,1
Mouse2,34,1,1,1
Mouse2,35,1,1,1
Mouse2,36,1,1,1
Mouse2,37,1,0,1
Mouse2,38,1,0,1
Mouse2,39,1,0,1
Mouse2,40,1,0,1
Mouse2,41,1,1,1
Mouse2,42,1,0,1
Mouse2,43,1,0,1
Mouse2,44,1,0,1
Mouse2,45,1,0,1
Mouse2,46,1,0,1
Mouse2,47,1,0,1
Mouse2,48,1,0,1
Mouse2,49,1,0,1
Mouse2,50,1,0,1
Mouse2,51,2,0,1
Mouse2,52,2,0,1
Mouse2,53,2,0,1
Mouse2,54,2,0,1
Mouse2,55,2,1,1
Mouse2,56,2,0,1
Mouse2,57,2,1,1
Mouse2,58,2,1,1
Mouse2,59,2,1,1
Mouse2,60,2,1,1
Mouse2,61,2,1,1
Mouse2,62,2,1,1
Mouse2,63,2,0,1
Mouse2,64,2,1,1
Mouse2,65,2,1,1
Mouse2,66,2,0,1
Mouse2,67,2,1,1
Mouse2,68,2,0,1
Mouse2,69,2,1,1
Mouse2,70,2,1,1
Mouse2,71,2,0,1
Mouse2,72,2,1,1
Mouse2,73,2,1,1
Mouse2,74,2,1,1
Mouse2,75,2,1,1
Mouse2,76,2,1,1
Mouse2,77,2,1,1
Mouse2,78,2,1,1
Mouse2,79,2,1,1
Mouse2,80,2,1,1
Mouse2,81,2,1,1
Mouse2,82,2,1,1
Mouse2,83,2,0,1
Mouse2,84,2,1,1
Mouse2,85,2,0,1
Mouse2,86,2,0,1
Mouse2,87,2,1,1
Mouse2,88,2,0,1
Mouse2,89,2,1,1
Mouse2,90,2,0,1
Mouse2,91,2,1,1
Mouse2,92,2,0,1
Mouse2,93,2,1,1
Mouse2,94,2,0,1
Mouse2,95,2,1,1
Mouse2,96,2,1,1
Mouse2,97,2,1,1
Mouse2,98,2,0,1
Mouse2,99,2,0,1
Mouse2,100,2,1,1
Mouse2,101,3,1,1
Mouse2,102,3,1,1
Mouse2,103,3,1,1
Mouse2,104,3,0,1
Mouse2,105,3,0,1
Mouse2,106,3,1,1
Mouse2,107,3,0,1
Mouse2,108,3,1,1
Mouse2,109,3,1,1
Mouse2,110,3,1,1
Mouse2,111,3,1,1
Mouse2,112,3,0,1
Mouse2,113,3,1,1
Mouse2,114,3,1,1
Mouse2,115,3,1,1
Mouse2,116,3,1,1
Mouse2,117,3,0,1
Mouse2,118,3,1,1
Mouse2,119,3,1,1
Mouse2,120,3,1,1
Mouse2,121,3,1,1
Mouse2,122,3,1,1
Mouse2,123,3,1,1
Mouse2,124,3,0,1
Mouse2,125,3,1,1
Mouse2,126,3,0,1
Mouse2,127,3,0,1
Mouse2,128,3,0,1
Mouse2,129,3,1,1
Mouse2,130,3,1,1
Mouse2,131,3,1,1
Mouse2,132,3,1,1
Mouse2,133,3,1,1
Mouse2,134,3,1,1
Mouse2,135,3,0,1
Mouse2,136,3,1,1
Mouse2,137,3,0,1
Mouse2,138,3,1,1
Mouse2,139,3,1,1
Mouse2,140,3,1,1
Mouse2,141,3,0,1
Mouse2,142,3,0,1
Mouse2,143,3,1,1
Mouse2,144,3,1,1
Mouse2,145,3,1,1
Mouse2,146,3,1,1
Mouse2,147,3,1,1
Mouse2,148,3,1,1
Mouse2,149,3,1,1
Mouse2,150,3,0,1
Mouse2,151,4,1,1
Mouse2,152,4,1,1
Mouse2,153,4,1,1
Mouse2,154,4,0,1
Mouse2,155,4,0,1
Mouse2,156,4,1,1
Mouse2,157,4,0,1
Mouse2,158,4,1,1
Mouse2,159,4,0,1
Mouse2,160,4,1,1
Mouse2,161,4,1,1
Mouse2,162,4,0,1
Mouse2,163,4,1,1
Mouse2,164,4,0,1
Mouse2,165,4,0,1
Mouse2,166,4,0,1
Mouse2,167,4,1,1
Mouse2,168,4,1,1
Mouse2,169,4,1,1
Mouse2,170,4,1,1
Mouse2,171,4,1,1
Mouse2,172,4,1,1
Mouse2,173,4,1,1
Mouse2,174,4,0,1
Mouse2,175,4,1,1
Mouse2,176,4,1,1
Mouse2,177,4,0,1
Mouse2,178,4,0,1
Mouse2,179,4,1,1
Mouse2,180,4,1,1
Mouse2,181,4,0,1
Mouse2,182,4,0,1
Mouse2,183,4,1,1
Mouse2,184,4,1,1
Mouse2,185,4,1,1
Mouse2,186,4,1,1
Mouse2,187,4,1,1
Mouse2,188,4,1,1
Mouse2,189,4,1,1
Mouse2,190,4,0,1
Mouse2,191,4,0,1
Mouse2,192,4,0,1
Mouse2,193,4,1,1
Mouse2,194,4,0,1
Mouse2,195,4,0,1
Mouse2,196,4,0,1
Mouse2,197,4,1,1
Mouse2,198,4,1,1
Mouse2,199,4,1,1
Mouse2,200,4,1,1
Mouse2,201,5,1,1
Mouse2,202,5,0,1
Mouse2,203,5,1,1
Mouse2,204,5,1,1
Mouse2,205,5,0,1
Mouse2,206,5,0,1
Mouse2,207,5,0,1
Mouse2,208,5,1,1
Mouse2,209,5,0,1
Mouse2,210,5,0,1
Mouse2,211,5,0,1
Mouse2,212,5,0,1
Mouse2,213,5,1,1
Mouse2,214,5,0,1
Mouse2,215,5,0,1
Mouse2,216,5,0,1
Mouse2,217,5,1,1
Mouse2,218,5,1,1
Mouse2,219,5,1,1
Mouse2,220,5,1,1
Mouse2,221,5,0,1
Mouse2,222,5,1,1
Mouse2,223,5,1,1
Mouse2,224,5,1,1
Mouse2,225,5,0,1
Mouse2,226,5,1,1
Mouse2,227,5,0,1
Mouse2,228,5,0,1
Mouse2,229,5,1,1
Mouse2,230,5,1,1
Mouse2,231,5,0,1
Mouse2,232,5,1,1
Mouse2,233,5,0,1
Mouse2,234,5,0,1
Mouse2,235,5,1,1
Mouse2,236,5,0,1
Mouse2,237,5,1,1
Mouse2,238,5,1,1
Mouse2,239,5,1,1
Mouse2,240,5,1,1
Mouse2,241,5,1,1
Mouse2,242,5,1,1
Mouse2,243,5,0,1
Mouse2,244,5,1,1
Mouse2,245,5,1,1
Mouse2,246,5,1,1
Mouse2,247,5,1,1
Mouse2,248,5,0,1
Mouse2,249,5,1,1
Mouse2,250,5,1,1
Mouse2,251,6,1,1
Mouse2,252,6,1,1
Mouse2,253,6,1,1
Mouse2,254,6,0,1
Mouse2,255,6,0,1
Mouse2,256,6,1,1
Mouse2,257,6,1,1
Mouse2,258,6,0,1
Mouse2,259,6,0,1
Mouse2,260,6,0,1
Mouse2,261,6,0,1
Mouse2,262,6,1,1
Mouse2,263,6,1,1
Mouse2,264,6,1,1
Mouse2,265,6,1,1
Mouse2,266,6,1,1
Mouse2,267,6,1,1
Mouse2,268,6,1,1
Mouse2,269,6,1,1
Mouse2,270,6,0,1
Mouse2,271,6,1,1
Mouse2,272,6,1,1
Mouse2,273,6,1,1
Mouse2,274,6,1,1
Mouse2,275,6,1,1
Mouse2,276,6,1,1
Mouse2,277,6,0,1
Mouse2,278,6,1,1
Mouse2,279,6,0,1
Mouse2,280,6,0,1
Mouse2,281,6,0,1
Mouse2,282,6,0,1
Mouse2,283,6,0,1
Mouse2,284,6,0,1
Mouse2,285,6,0,1
Mouse2,286,6,1,1
Mouse2,287,6,0,1
Mouse2,288,6,0,1
Mouse2,289,6,0,1
Mouse2,290,6,0,1
Mouse2,291,6,0,1
Mouse2,292,6,0,1
Mouse2,293,6,0,1
Mouse2,294,6,0,1
Mouse2,295,6,0,1
Mouse2,296,6,0,1
Mouse2,297,6,0,1
Mouse2,298,6,0,1
Mouse2,299,6,1,1
Mouse2,300,6,1,1
Mouse2,301,7,1,1
Mouse2,302,7,1,1
Mouse2,303,7,1,1
Mouse2,304,7,1,1
Mouse2,305,7,0,1
Mouse2,306,7,1,1
Mouse2,307,7,0,1
Mouse2,308,7,0,1
Mouse2,309,7,1,1
Mouse2,310,7,0,1
Mouse2,311,7,0,1
Mouse2,312,7,1,1
Mouse2,313,7,1,1
Mouse2,314,7,0,1
Mouse2,315,7,1,1
Mouse2,316,7,0,1
Mouse2,317,7,1,1
Mouse2,318,7,1,1
Mouse2,319,7,0,1
Mouse2,320,7,0,1
Mouse2,321,7,1,1
Mouse2,322,7,1,1
Mouse2,323,7,1,1
Mouse2,324,7,1,1
Mouse2,325,7,1,1
Mouse2,326,7,1,1
Mouse2,327,7,1,1
Mouse2,328,7,0,1
Mouse2,329,7,1,1
Mouse2,330,7,0,1
Mouse2,331,7,0,1
Mouse2,332,7,0,1
Mouse2,333,7,0,1
Mouse2,334,7,1,1
Mouse2,335,7,1,1
Mouse2,336,7,1,1
Mouse2,337,7,1,1
Mouse2,338,7,1,1
Mouse2,339,7,1,1
Mouse2,340,7,0,1
Mouse2,341,7,0,1
Mouse2,342,7,1,1
Mouse2,343,7,1,1
Mouse2,344,7,1,1
Mouse2,345,7,1,1
Mouse2,346,7,1,1
Mouse2,347,7,1,1
Mouse2,348,7,1,1
Mouse2,349,7,0,1
Mouse2,350,7,1,1
Mouse3,1,1,0,1
Mouse3,2,1,0,1
Mouse3,3,1,0,1
Mouse3,4,1,0,1
Mouse3,5,1,0,1
Mouse3,6,1,1,1
Mouse3,7,1,0,1
Mouse3,8,1,1,1
Mouse3,9,1,0,1
Mouse3,10,1,0,1
Mouse3,11,1,0,1
Mouse3,12,1,1,1
Mouse3,13,1,0,1
Mouse3,14,1,1,1
Mouse3,15,1,0,1
Mouse3,16,1,1,1
Mouse3,17,1,0,1
Mouse3,18,1,1,1
Mouse3,19,1,0,1
Mouse3,20,1,0,1
Mouse3,21,1,1,1
Mouse3,22,1,0,1
Mouse3,23,1,0,1
Mouse3,24,1,0,1
Mouse3,25,1,0,1
Mouse3,26,1,1,1
Mouse3,27,1,1,1
Mouse3,28,1,1,1
Mouse3,29,1,1,1
Mouse3,30,1,1,1
Mouse3,31,1,0,1
Mouse3,32,1,1,1
Mouse3,33,1,1,1
Mouse3,34,1,1,1
Mouse3,35,1,0,1
Mouse3,36,1,0,1
Mouse3,37,1,0,1
Mouse3,38,1,0,1
Mouse3,39,1,0,1
Mouse3,40,1,1,1
Mouse3,41,1,1,1
Mouse3,42,1,1,1
Mouse3,43,1,0,1
Mouse3,44,1,0,1
Mouse3,45,1,0,1
Mouse3,46,1,1,1
Mouse3,47,1,0,1
Mouse3,48,1,0,1
Mouse3,49,1,0,1
Mouse3,50,1,1,1
Mouse3,51,2,0,1
Mouse3,52,2,1,1
Mouse3,53,2,1,1
Mouse3,54,2,1,1
Mouse3,55,2,1,1
Mouse3,56,2,1,1
Mouse3,57,2,0,1
Mouse3,58,2,0,1
Mouse3,59,2,0,1
Mouse3,60,2,0,1
Mouse3,61,2,1,1
Mouse3,62,2,1,1
Mouse3,63,2,0,1
Mouse3,64,2,0,1
Mouse3,65,2,0,1
Mouse3,66,2,1,1
Mouse3,67,2,0,1
Mouse3,68,2,0,1
Mouse3,69,2,1,1
Mouse3,70,2,1,1
Mouse3,71,2,1,1
Mouse3,72,2,1,1
Mouse3,73,2,1,1
Mouse3,74,2,1,1
Mouse3,75,2,1,1
Mouse3,76,2,0,1
Mouse3,77,2,0,1
Mouse3,78,2,1,1
Mouse3,79,2,0,1
Mouse3,80,2,1,1
Mouse3,81,2,0,1
Mouse3,82,2,1,1
Mouse3,83,2,0,1
Mouse3,84,2,0,1
Mouse3,85,2,0,1
Mouse3,86,2,1,1
Mouse3,87,2,1,1
Mouse3,88,2,1,1
Mouse3,89,2,0,1
Mouse3,90,2,0,1
Mouse3,91,2,1,1
Mouse3,92,2,0,1
Mouse3,93,2,1,1
Mouse3,94,2,0,1
Mouse3,95,2,0,1
Mouse3,96,2,0,1
Mouse3,97,2,1,1
Mouse3,98,2,1,1
Mouse3,99,2,1,1
Mouse3,100,2,1,1
Mouse3,101,3,0,1
Mouse3,102,3,0,1
Mouse3,103,3,1,1
Mouse3,104,3,1,1
Mouse3,105,3,1,1
Mouse3,106,3,1,1
Mouse3,107,3,1,1
Mouse3,108,3,0,1
Mouse3,109,3,1,1
Mouse3,110,3,1,1
Mouse3,111,3,0,1
Mouse3,112,3,1,1
Mouse3,113,3,0,1
Mouse3,114,3,0,1
Mouse3,115,3,0,1
Mouse3,116,3,0,1
Mouse3,117,3,1,1
Mouse3,118,3,1,1
Mouse3,119,3,1,1
Mouse3,120,3,1,1
Mouse3,121,3,0,1
Mouse3,122,3,1,1
Mouse3,123,3,0,1
Mouse3,124,3,0,1
Mouse3,125,3,0,1
Mouse3,126,3,0,1
Mouse3,127,3,1,1
Mouse3,128,3,1,1
Mouse3,129,3,1,1
Mouse3,130,3,1,1
Mouse3,131,3,1,1
Mouse3,132,3,1,1
Mouse3,133,3,1,1
Mouse3,134,3,0,1
Mouse3,135,3,0,1
Mouse3,136,3,0,1
Mouse3,137,3,1,1
Mouse3,138,3,0,1
Mouse3,139,3,1,1
Mouse3,140,3,1,1
Mouse3,141,3,1,1
Mouse3,142,3,0,1
Mouse3,143,3,1,1
Mouse3,144,3,0,1
Mouse3,145,3,1,1
Mouse3,146,3,1,1
Mouse3,147,3,0,1
Mouse3,148,3,1,1
Mouse3,149,3,1,1
Mouse3,150,3,1,1
Mouse3,151,4,1,1
Mouse3,152,4,0,1
Mouse3,153,4,1,1
Mouse3,154,4,1,1
Mouse3,155,4,1,1
Mouse3,156,4,0,1
Mouse3,157,4,0,1
Mouse3,158,4,1,1
Mouse3,159,4,1,1
Mouse3,160,4,1,1
Mouse3,161,4,1,1
Mouse3,162,4,1,1
Mouse3,163,4,1,1
Mouse3,164,4,1,1
Mouse3,165,4,0,1
Mouse3,166,4,1,1
Mouse3,167,4,1,1
Mouse3,168,4,1,1
Mouse3,169,4,1,1
Mouse3,170,4,1,1
Mouse3,171,4,0,1
Mouse3,172,4,1,1
Mouse3,173,4,0,1
Mouse3,174,4,0,1
Mouse3,175,4,1,1
Mouse3,176,4,1,1
Mouse3,177,4,1,1
Mouse3,178,4,0,1
Mouse3,179,4,1,1
Mouse3,180,4,1,1
Mouse3,181,4,1,1
Mouse3,182,4,1,1
Mouse3,183,4,1,1
Mouse3,184,4,1,1
Mouse3,185,4,1,1
Mouse3,186,4,1,1
Mouse3,187,4,0,1
Mouse3,188,4,0,1
Mouse3,189,4,1,1
Mouse3,190,4,0,1
Mouse3,191,4,1,1
Mouse3,192,4,0,1
Mouse3,193,4,1,1
Mouse3,194,4,0,1
Mouse3,195,4,1,1
Mouse3,196,4,1,1
Mouse3,197,4,1,1
Mouse3,198,4,1,1
Mouse3,199,4,1,1
Mouse3,200,4,1,1
Mouse3,201,5,0,1
Mouse3,202,5,0,1
Mouse3,203,5,1,1
Mouse3,204,5,0,1
Mouse3,205,5,0,1
Mouse3,206,5,0,1
Mouse3,207,5,1,1
Mouse3,208,5,1,1
Mouse3,209,5,0,1
Mouse3,210,5,0,1
Mouse3,211,5,1,1
Mouse3,212,5,0,1
Mouse3,213,5,0,1
Mouse3,214,5,1,1
Mouse3,215,5,1,1
Mouse3,216,5,1,1
Mouse3,217,5,0,1
Mouse3,218,5,1,1
Mouse3,219,5,1,1
Mouse3,220,5,1,1
Mouse3,221,5,0,1
Mouse3,222,5,1,1
Mouse3,223,5,0,1
Mouse3,224,5,0,1
Mouse3,225,5,0,1
Mouse3,226,5,1,1
Mouse3,227,5,1,1
Mouse3,228,5,0,1
Mouse3,229,5,0,1
Mouse3,230,5,1,1
Mouse3,231,5,0,1
Mouse3,232,5,1,1
Mouse3,233,5,0,1
Mouse3,234,5,1,1
Mouse3,235,5,0,1
Mouse3,236,5,1,1
Mouse3,237,5,1,1
Mouse3,238,5,1,1
Mouse3,239,5,1,1
Mouse3,240,5,1,1
Mouse3,241,5,0,1
Mouse3,242,5,1,1
Mouse3,243,5,0,1
Mouse3,244,5,1,1
Mouse3,245,5,0,1
Mouse3,246,5,0,1
Mouse3,247,5,0,1
Mouse3,248,5,1,1
Mouse3,249,5,1,1
Mouse3,250,5,0,1
Mouse3,251,6,0,1
Mouse3,252,6,1,1
Mouse3,253,6,1,1
Mouse3,254,6,1,1
Mouse3,255,6,0,1
Mouse3,256,6,0,1
Mouse3,257,6,0,1
Mouse3,258,6,0,1
Mouse3,259,6,0,1
Mouse3,260,6,0,1
Mouse3,261,6,1,1
Mouse3,262,6,0,1
Mouse3,263,6,1,1
Mouse3,264,6,0,1
Mouse3,265,6,0,1
Mouse3,266,6,1,1
Mouse3,267,6,1,1
Mouse3,268,6,0,1
Mouse3,269,6,1,1
Mouse3,270,6,0,1
Mouse3,271,6,0,1
Mouse3,272,6,0,1
Mouse3,273,6,1,1
Mouse3,274,6,1,1
Mouse3,275,6,0,1
Mouse3,276,6,1,1
Mouse3,277,6,1,1
Mouse3,278,6,1,1
Mouse3,279,6,1,1
Mouse3,280,6,1,1
Mouse3,281,6,0,1
Mouse3,282,6,1,1
Mouse3,283,6,1,1
Mouse3,284,6,1,1
Mouse3,285,6,1,1
Mouse3,286,6,0,1
Mouse3,287,6,1,1
Mouse3,288,6,0,1
Mouse3,289,6,1,1
Mouse3,290,6,1,1
Mouse3,291,6,0,1
Mouse3,292,6,1,1
Mouse3,293,6,1,1
Mouse3,294,6,1,1
Mouse3,295,6,0,1
Mouse3,296,6,0,1
Mouse3,297,6,1,1
Mouse3,298,6,0,1
Mouse3,299,6,1,1
Mouse3,300,6,1,1
Mouse3,301,7,1,1
Mouse3,302,7,1,1
Mouse3,303,7,1,1
Mouse3,304,7,1,1
Mouse3,305,7,0,1
Mouse3,306,7,0,1
Mouse3,307,7,0,1
Mouse3,308,7,1,1
Mouse3,309,7,0,1
Mouse3,310,7,0,1
Mouse3,311,7,0,1
Mouse3,312,7,0,1
Mouse3,313,7,0,1
Mouse3,314,7,0,1
Mouse3,315,7,1,1
Mouse3,316,7,1,1
Mouse3,317,7,0,1
Mouse3,318,7,0,1
Mouse3,319,7,1,1
Mouse3,320,7,1,1
Mouse3,321,7,1,1
Mouse3,322,7,1,1
Mouse3,323,7,1,1
Mouse3,324,7,0,1
Mouse3,325,7,0,1
Mouse3,326,7,1,1
Mouse3,327,7,1,1
Mouse3,328,7,1,1
Mouse3,329,7,1,1
Mouse3,330,7,1,1
Mouse3,331,7,0,1
Mouse3,332,7,0,1
Mouse3,333,7,1,1
Mouse3,334,7,1,1
Mouse3,335,7,1,1
Mouse3,336,7,1,1
Mouse3,337,7,1,1
Mouse3,338,7,1,1
Mouse3,339,7,0,1
Mouse3,340,7,0,1
Mouse3,341,7,1,1
Mouse3,342,7,1,1
Mouse3,343,7,1,1
Mouse3,344,7,1,1
Mouse3,345,7,1,1
Mouse3,346,7,1,1
Mouse3,347,7,1,1
Mouse3,348,7,0,1
Mouse3,349,7,0,1
Mouse3,350,7,0,1
Mouse4,1,1,1,1
Mouse4,2,1,1,1
Mouse4,3,1,1,1
Mouse4,4,1,1,1
Mouse4,5,1,1,1
Mouse4,6,1,1,1
Mouse4,7,1,0,1
Mouse4,8,1,1,1
Mouse4,9,1,0,1
Mouse4,10,1,1,1
Mouse4,11,1,0,1
Mouse4,12,1,1,1
Mouse4,13,1,0,1
Mouse4,14,1,0,1
Mouse4,15,1,1,1
Mouse4,16,1,0,1
Mouse4,17,1,1,1
Mouse4,18,1,0,1
Mouse4,19,1,0,1
Mouse4,20,1,0,1
Mouse4,21,1,0,1
Mouse4,22,1,0,1
Mouse4,23,1,0,1
Mouse4,24,1,1,1
Mouse4,25,1,0,1
Mouse4,26,1,0,1
Mouse4,27,1,1,1
Mouse4,28,1,0,1
Mouse4,29,1,1,1
Mouse4,30,1,0,1
Mouse4,31,1,0,1
Mouse4,32,1,1,1
Mouse4,33,1,0,1
Mouse4,34,1,1,1
Mouse4,35,1,1,1
Mouse4,36,1,1,1
Mouse4,37,1,1,1
Mouse4,38,1,1,1
Mouse4,39,1,1,1
Mouse4,40,1,1,1
Mouse4,41,1,0,1
Mouse4,42,1,1,1
Mouse4,43,1,1,1
Mouse4,44,1,0,1
Mouse4,45,1,0,1
Mouse4,46,1,1,1
Mouse4,47,1,1,1
Mouse4,48,1,0,1
Mouse4,49,1,0,1
Mouse4,50,1,0,1
Mouse4,51,2,1,1
Mouse4,52,2,0,1
Mouse4,53,2,1,1
Mouse4,54,2,0,1
Mouse4,55,2,1,1
Mouse4,56,2,1,1
Mouse4,57,2,1,1
Mouse4,58,2,1,1
Mouse4,59,2,1,1
Mouse4,60,2,1,1
Mouse4,61,2,0,1
Mouse4,62,2,0,1
Mouse4,63,2,1,1
Mouse4,64,2,0,1
Mouse4,65,2,1,1
Mouse4,66,2,0,1
Mouse4,67,2,1,1
Mouse4,68,2,0,1
Mouse4,69,2,1,1
Mouse4,70,2,1,1
Mouse4,71,2,1,1
Mouse4,72,2,0,1
Mouse4,73,2,1,1
Mouse4,74,2,0,1
Mouse4,75,2,1,1
Mouse4,76,2,0,1
Mouse4,77,2,1,1
Mouse4,78,2,1,1
Mouse4,79,2,1,1
Mouse4,80,2,0,1
Mouse4,81,2,1,1
Mouse4,82,2,1,1
Mouse4,83,2,1,1
Mouse4,84,2,1,1
Mouse4,85,2,0,1
Mouse4,86,2,1,1
Mouse4,87,2,1,1
Mouse4,88,2,1,1
Mouse4,89,2,0,1
Mouse4,90,2,0,1
Mouse4,91,2,1,1
Mouse4,92,2,1,1
Mouse4,93,2,1,1
Mouse4,94,2,1,1
Mouse4,95,2,0,1
Mouse4,96,2,0,1
Mouse4,97,2,1,1
Mouse4,98,2,1,1
Mouse4,99,2,1,1
Mouse4,100,2,1,1
Mouse4,101,3,0,1
Mouse4,102,3,1,1
Mouse4,103,3,0,1
Mouse4,104,3,0,1
Mouse4,105,3,1,1
Mouse4,106,3,1,1
Mouse4,107,3,1,1
Mouse4,108,3,1,1
Mouse4,109,3,1,1
Mouse4,110,3,0,1
Mouse4,111,3,1,1
Mouse4,112,3,1,1
Mouse4,113,3,0,1
Mouse4,114,3,0,1
Mouse4,115,3,1,1
Mouse4,116,3,0,1
Mouse4,117,3,0,1
Mouse4,118,3,0,1
Mouse4,119,3,1,1
Mouse4,120,3,1,1
Mouse4,121,3,0,1
Mouse4,122,3,0,1
Mouse4,123,3,0,1
Mouse4,124,3,0,1
Mouse4,125,3,1,1
Mouse4,126,3,1,1
Mouse4,127,3,0,1
Mouse4,128,3,1,1
Mouse4,129,3,1,1
Mouse4,130,3,0,1
Mouse4,131,3,0,1
Mouse4,132,3,0,1
Mouse4,133,3,0,1
Mouse4,134,3,1,1
Mouse4,135,3,0,1
Mouse4,136,3,0,1
Mouse4,137,3,1,1
Mouse4,138,3,0,1
Mouse4,139,3,0,1
Mouse4,140,3,1,1
Mouse4,141,3,0,1
Mouse4,142,3,0,1
Mouse4,143,3,1,1
Mouse4,144,3,0,1
Mouse4,145,3,0,1
Mouse4,146,3,1,1
Mouse4,147,3,1,1
Mouse4,148,3,1,1
Mouse4,149,3,1,1
Mouse4,150,3,1,1
Mouse4,151,4,1,1
Mouse4,152,4,1,1
Mouse4,153,4,1,1
Mouse4,154,4,1,1
Mouse4,155,4,1,1
Mouse4,156,4,1,1
Mouse4,157,4,0,1
Mouse4,158,4,1,1
Mouse4,159,4,1,1
Mouse4,160,4,1,1
Mouse4,161,4,0,1
Mouse4,162,4,0,1
Mouse4,163,4,0,1
Mouse4,164,4,1,1
Mouse4,165,4,0,1
Mouse4,166,4,0,1
Mouse4,167,4,1,1
Mouse4,168,4,0,1
Mouse4,169,4,1,1
Mouse4,170,4,1,1
Mouse4,171,4,1,1
Mouse4,172,4,1,1
Mouse4,173,4,0,1
Mouse4,174,4,0,1
Mouse4,175,4,0,1
Mouse4,176,4,1,1
Mouse4,177,4,0,1
Mouse4,178,4,0,1
Mouse4,179,4,0,1
Mouse4,180,4,1,1
Mouse4,181,4,0,1
Mouse4,182,4,0,1
Mouse4,183,4,1,1
Mouse4,184,4,0,1
Mouse4,185,4,1,1
Mouse4,186,4,0,1
Mouse4,187,4,0,1
Mouse4,188,4,0,1
Mouse4,189,4,0,1
Mouse4,190,4,0,1
Mouse4,191,4,1,1
Mouse4,192,4,1,1
Mouse4,193,4,0,1
Mouse4,194,4,1,1
Mouse4,195,4,0,1
Mouse4,196,4,1,1
Mouse4,197,4,1,1
Mouse4,198,4,1,1
Mouse4,199,4,0,1
Mouse4,200,4,1,1
Mouse4,201,5,0,1
Mouse4,202,5,1,1
Mouse4,203,5,1,1
Mouse4,204,5,1,1
Mouse4,205,5,0,1
Mouse4,206,5,1,1
Mouse4,207,5,1,1
Mouse4,208,5,0,1
Mouse4,209,5,1,1
Mouse4,210,5,1,1
Mouse4,211,5,1,1
Mouse4,212,5,1,1
Mouse4,213,5,0,1
Mouse4,214,5,0,1
Mouse4,215,5,1,1
Mouse4,216,5,1,1
Mouse4,217,5,0,1
Mouse4,218,5,1,1
Mouse4,219,5,1,1
Mouse4,220,5,1,1
Mouse4,221,5,0,1
Mouse4,222,5,0,1
Mouse4,223,5,1,1
Mouse4,224,5,0,1
Mouse4,225,5,1,1
Mouse4,226,5,1,1
Mouse4,227,5,1,1
Mouse4,228,5,0,1
Mouse4,229,5,1,1
Mouse4,230,5,1,1
Mouse4,231,5,1,1
Mouse4,232,5,1,1
Mouse4,233,5,1,1
Mouse4,234,5,0,1
Mouse4,235,5,1,1
Mouse4,236,5,0,1
Mouse4,237,5,0,1
Mouse4,238,5,0,1
Mouse4,239,5,0,1
Mouse4,240,5,0,1
Mouse4,241,5,0,1
Mouse4,242,5,0,1
Mouse4,243,5,0,1
Mouse4,244,5,0,1
Mouse4,245,5,0,1
Mouse4,246,5,0,1
Mouse4,247,5,1,1
Mouse4,248,5,1,1
Mouse4,249,5,1,1
Mouse4,250,5,1,1
Mouse4,251,6,1,1
Mouse4,252,6,1,1
Mouse4,253,6,1,1
Mouse4,254,6,1,1
Mouse4,255,6,0,1
Mouse4,256,6,1,1
Mouse4,257,6,1,1
Mouse4,258,6,1,1
Mouse4,259,6,1,1
Mouse4,260,6,1,1
Mouse4,261,6,1,1
Mouse4,262,6,0,1
Mouse4,263,6,1,1
Mouse4,264,6,1,1
Mouse4,265,6,1,1
Mouse4,266,6,0,1
Mouse4,267,6,1,1
Mouse4,268,6,0,1
Mouse4,269,6,1,1
Mouse4,270,6,0,1
Mouse4,271,6,0,1
Mouse4,272,6,1,1
Mouse4,273,6,1,1
Mouse4,274,6,1,1
Mouse4,275,6,1,1
Mouse4,276,6,1,1
Mouse4,277,6,0,1
Mouse4,278,6,1,1
Mouse4,279,6,0,1
Mouse4,280,6,1,1
Mouse4,281,6,1,1
Mouse4,282,6,1,1
Mouse4,283,6,1,1
Mouse4,284,6,0,1
Mouse4,285,6,1,1
Mouse4,286,6,1,1
Mouse4,287,6,1,1
Mouse4,288,6,0,1
Mouse4,289,6,1,1
Mouse4,290,6,0,1
Mouse4,291,6,1,1
Mouse4,292,6,0,1
Mouse4,293,6,0,1
Mouse4,294,6,0,1
Mouse4,295,6,0,1
Mouse4,296,6,0,1
Mouse4,297,6,0,1
Mouse4,298,6,1,1
Mouse4,299,6,0,1
Mouse4,300,6,0,1
Mouse4,301,7,1,1
Mouse4,302,7,0,1
Mouse4,303,7,0,1
Mouse4,304,7,0,1
Mouse4,305,7,0,1
Mouse4,306,7,0,1
Mouse4,307,7,0,1
Mouse4,308,7,0,1
Mouse4,309,7,1,1
Mouse4,310,7,1,1
Mouse4,311,7,1,1
Mouse4,312,7,0,1
Mouse4,313,7,0,1
Mouse4,314,7,0,1
Mouse4,315,7,1,1
Mouse4,316,7,1,1
Mouse4,317,7,1,1
Mouse4,318,7,1,1
Mouse4,319,7,1,1
Mouse4,320,7,1,1
Mouse4,321,7,1,1
Mouse4,322,7,0,1
Mouse4,323,7,1,1
Mouse4,324,7,0,1
Mouse4,325,7,1,1
Mouse4,326,7,1,1
Mouse4,327,7,1,1
Mouse4,328,7,0,1
Mouse4,329,7,0,1
Mouse4,330,7,1,1
Mouse4,331,7,1,1
Mouse4,332,7,1,1
Mouse4,333,7,1,1
Mouse4,334,7,1,1
Mouse4,335,7,0,1
Mouse4,336,7,0,1
Mouse4,337,7,1,1
Mouse4,338,7,1,1
Mouse4,339,7,1,1
Mouse4,340,7,1,1
Mouse4,341,7,1,1
Mouse4,342,7,1,1
Mouse4,343,7,1,1
Mouse4,344,7,0,1
Mouse4,345,7,0,1
Mouse4,346,7,0,1
Mouse4,347,7,0,1
Mouse4,348,7,0,1
Mouse4,349,7,0,1
Mouse4,350,7,0,1
Mouse5,1,1,1,1
Mouse5,2,1,1,1
Mouse5,3,1,1,1
Mouse5,4,1,1,1
Mouse5,5,1,1,1
Mouse5,6,1,1,1
Mouse5,7,1,1,1
Mouse5,8,1,1,1
Mouse5,9,1,0,1
Mouse5,10,1,0,1
Mouse5,11,1,1,1
Mouse5,12,1,0,1
Mouse5,13,1,0,1
Mouse5,14,1,1,1
Mouse5,15,1,1,1
Mouse5,16,1,1,1
Mouse5,17,1,1,1
Mouse5,18,1,1,1
Mouse5,19,1,1,1
Mouse5,20,1,1,1
Mouse5,21,1,0,1
Mouse5,22,1,0,1
Mouse5,23,1,0,1
Mouse5,24,1,1,1
Mouse5,25,1,1,1
Mouse5,26,1,1,1
Mouse5,27,1,1,1
Mouse5,28,1,1,1
Mouse5,29,1,1,1
Mouse5,30,1,0,1
Mouse5,31,1,1,1
Mouse5,32,1,0,1
Mouse5,33,1,1,1
Mouse5,34,1,1,1
Mouse5,35,1,1,1
Mouse5,36,1,1,1
Mouse5,37,1,1,1
Mouse5,38,1,1,1
Mouse5,39,1,0,1
Mouse5,40,1,1,1
Mouse5,41,1,0,1
Mouse5,42,1,0,1
Mouse5,43,1,1,1
Mouse5,44,1,0,1
Mouse5,45,1,1,1
Mouse5,46,1,0,1
Mouse5,47,1,0,1
Mouse5,48,1,0,1
Mouse5,49,1,1,1
Mouse5,50,1,1,1
Mouse5,51,2,1,1
Mouse5,52,2,1,1
Mouse5,53,2,1,1
Mouse5,54,2,1,1
Mouse5,55,2,0,1
Mouse5,56,2,1,1
Mouse5,57,2,1,1
Mouse5,58,2,1,1
Mouse5,59,2,1,1
Mouse5,60,2,1,1
Mouse5,61,2,0,1
Mouse5,62,2,1,1
Mouse5,63,2,1,1
Mouse5,64,2,1,1
Mouse5,65,2,0,1
Mouse5,66,2,0,1
Mouse5,67,2,1,1
Mouse5,68,2,0,1
Mouse5,69,2,1,1
Mouse5,70,2,0,1
Mouse5,71,2,1,1
Mouse5,72,2,0,1
Mouse5,73,2,0,1
Mouse5,74,2,1,1
Mouse5,75,2,1,1
Mouse5,76,2,1,1
Mouse5,77,2,0,1
Mouse5,78,2,0,1
Mouse5,79,2,0,1
Mouse5,80,2,0,1
Mouse5,81,2,1,1
Mouse5,82,2,1,1
Mouse5,83,2,1,1
Mouse5,84,2,1,1
Mouse5,85,2,1,1
Mouse5,86,2,1,1
Mouse5,87,2,1,1
Mouse5,88,2,0,1
Mouse5,89,2,0,1
Mouse5,90,2,1,1
Mouse5,91,2,0,1
Mouse5,92,2,0,1
Mouse5,93,2,0,1
Mouse5,94,2,1,1
Mouse5,95,2,1,1
Mouse5,96,2,1,1
Mouse5,97,2,1,1
Mouse5,98,2,0,1
Mouse5,99,2,1,1
Mouse5,100,2,1,1
Mouse5,101,3,0,1
Mouse5,102,3,1,1
Mouse5,103,3,0,1
Mouse5,104,3,0,1
Mouse5,105,3,0,1
Mouse5,106,3,1,1
Mouse5,107,3,1,1
Mouse5,108,3,1,1
Mouse5,109,3,1,1
Mouse5,110,3,1,1
Mouse5,111,3,0,1
Mouse5,112,3,0,1
Mouse5,113,3,1,1
Mouse5,114,3,1,1
Mouse5,115,3,1,1
Mouse5,116,3,1,1
Mouse5,117,3,0,1
Mouse5,118,3,0,1
Mouse5,119,3,1,1
Mouse5,120,3,1,1
Mouse5,121,3,1,1
Mouse5,122,3,0,1
Mouse5,123,3,1,1
Mouse5,124,3,1,1
Mouse5,125,3,1,1
Mouse5,126,3,1,1
Mouse5,127,3,1,1
Mouse5,128,3,0,1
Mouse5,129,3,1,1
Mouse5,130,3,1,1
Mouse5,131,3,1,1
Mouse5,132,3,1,1
Mouse5,133,3,1,1
Mouse5,134,3,1,1
Mouse5,135,3,0,1
Mouse5,136,3,0,1
Mouse5,137,3,0,1
Mouse5,138,3,1,1
Mouse5,139,3,0,1
Mouse5,140,3,1,1
Mouse5,141,3,0,1
Mouse5,142,3,0,1
Mouse5,143,3,0,1
Mouse5,144,3,1,1
Mouse5,145,3,0,1
Mouse5,146,3,0,1
Mouse5,147,3,1,1
Mouse5,148,3,1,1
Mouse5,149,3,1,1
Mouse5,150,3,1,1
Mouse5,151,4,0,1
Mouse5,152,4,0,1
Mouse5,153,4,0,1
Mouse5,154,4,1,1
Mouse5,155,4,0,1
Mouse5,156,4,0,1
Mouse5,157,4,1,1
Mouse5,158,4,0,1
Mouse5,159,4,0,1
Mouse5,160,4,1,1
Mouse5,161,4,1,1
Mouse5,162,4,1,1
Mouse5,163,4,0,1
Mouse5,164,4,1,1
Mouse5,165,4,0,1
Mouse5,166,4,0,1
Mouse5,167,4,0,1
Mouse5,168,4,0,1
Mouse5,169,4,1,1
Mouse5,170,4,0,1
Mouse5,171,4,1,1
Mouse5,172,4,1,1
Mouse5,173,4,1,1
Mouse5,174,4,0,1
Mouse5,175,4,1,1
Mouse5,176,4,1,1
Mouse5,177,4,1,1
Mouse5,178,4,0,1
Mouse5,179,4,0,1
Mouse5,180,4,0,1
Mouse5,181,4,1,1
Mouse5,182,4,1,1
Mouse5,183,4,1,1
Mouse5,184,4,0,1
Mouse5,185,4,1,1
Mouse5,186,4,1,1
Mouse5,187,4,1,1
Mouse5,188,4,0,1
Mouse5,189,4,0,1
Mouse5,190,4,0,1
Mouse5,191,4,1,1
Mouse5,192,4,1,1
Mouse5,193,4,1,1
Mouse5,194,4,1,1
Mouse5,195,4,1,1
Mouse5,196,4,1,1
Mouse5,197,4,0,1
Mouse5,198,4,0,1
Mouse5,199,4,0,1
Mouse5,200,4,1,1
Mouse5,201,5,1,1
Mouse5,202,5,1,1
Mouse5,203,5,1,1
Mouse5,204,5,1,1
Mouse5,205,5,0,1
Mouse5,206,5,1,1
Mouse5,207,5,1,1
Mouse5,208,5,0,1
Mouse5,209,5,1,1
Mouse5,210,5,0,1
Mouse5,211,5,0,1
Mouse5,212,5,0,1
Mouse5,213,5,1,1
Mouse5,214,5,1,1
Mouse5,215,5,1,1
Mouse5,216,5,1,1
Mouse5,217,5,1,1
Mouse5,218,5,1,1
Mouse5,219,5,1,1
Mouse5,220,5,0,1
Mouse5,221,5,0,1
Mouse5,222,5,0,1
Mouse5,223,5,1,1
Mouse5,224,5,0,1
Mouse5,225,5,0,1
Mouse5,226,5,1,1
Mouse5,227,5,0,1
Mouse5,228,5,0,1
Mouse5,229,5,1,1
Mouse5,230,5,1,1
Mouse5,231,5,0,1
Mouse5,232,5,1,1
Mouse5,233,5,1,1
Mouse5,234,5,1,1
Mouse5,235,5,0,1
Mouse5,236,5,0,1
Mouse5,237,5,0,1
Mouse5,238,5,0,1
Mouse5,239,5,1,1
Mouse5,240,5,1,1
Mouse5,241,5,1,1
Mouse5,242,5,0,1
Mouse5,243,5,1,1
Mouse5,244,5,0,1
Mouse5,245,5,0,1
Mouse5,246,5,0,1
Mouse5,247,5,0,1
Mouse5,248,5,1,1
Mouse5,249,5,1,1
Mouse5,250,5,0,1
Mouse5,251,6,1,1
Mouse5,252,6,1,1
Mouse5,253,6,0,1
Mouse5,254,6,1,1
Mouse5,255,6,1,1
Mouse5,256,6,1,1
Mouse5,257,6,1,1
Mouse5,258,6,0,1
Mouse5,259,6,1,1
Mouse5,260,6,1,1
Mouse5,261,6,1,1
Mouse5,262,6,0,1
Mouse5,263,6,0,1
Mouse5,264,6,0,1
Mouse5,265,6,1,1
Mouse5,266,6,1,1
Mouse5,267,6,0,1
Mouse5,268,6,1,1
Mouse5,269,6,1,1
Mouse5,270,6,1,1
Mouse5,271,6,0,1
Mouse5,272,6,0,1
Mouse5,273,6,1,1
Mouse5,274,6,1,1
Mouse5,275,6,1,1
Mouse5,276,6,1,1
Mouse5,277,6,1,1
Mouse5,278,6,0,1
Mouse5,279,6,0,1
Mouse5,280,6,0,1
Mouse5,281,6,0,1
Mouse5,282,6,1,1
Mouse5,283,6,1,1
Mouse5,284,6,1,1
Mouse5,285,6,1,1
Mouse5,286,6,1,1
Mouse5,287,6,1,1
Mouse5,288,6,1,1
Mouse5,289,6,1,1
Mouse5,290,6,1,1
Mouse5,291,6,0,1
Mouse5,292,6,1,1
Mouse5,293,6,0,1
Mouse5,294,6,0,1
Mouse5,295,6,0,1
Mouse5,296,6,0,1
Mouse5,297,6,0,1
Mouse5,298,6,0,1
Mouse5,299,6,0,1
Mouse5,300,6,1,1
Mouse5,301,7,1,1
Mouse5,302,7,1,1
Mouse5,303,7,1,1
Mouse5,304,7,1,1
Mouse5,305,7,1,1
Mouse5,306,7,1,1
Mouse5,307,7,0,1
Mouse5,308,7,0,1
Mouse5,309,7,0,1
Mouse5,310,7,1,1
Mouse5,311,7,0,1
Mouse5,312,7,1,1
Mouse5,313,7,0,1
Mouse5,314,7,1,1
Mouse5,315,7,1,1
Mouse5,316,7,1,1
Mouse5,317,7,1,1
Mouse5,318,7,1,1
Mouse5,319,7,1,1
Mouse5,320,7,0,1
Mouse5,321,7,1,1
Mouse5,322,7,1,1
Mouse5,323,7,1,1
Mouse5,324,7,1,1
Mouse5,325,7,1,1
Mouse5,326,7,0,1
Mouse5,327,7,0,1
Mouse5,328,7,1,1
Mouse5,329,7,1,1
Mouse5,330,7,0,1
Mouse5,331,7,0,1
Mouse5,332,7,1,1
Mouse5,333,7,1,1
Mouse5,334,7,1,1
Mouse5,335,7,1,1
Mouse5,336,7,1,1
Mouse5,337,7,1,1
Mouse5,338,7,1,1
Mouse5,339,7,0,1
Mouse5,340,7,0,1
Mouse5,341,7,1,1
Mouse5,342,7,1,1
Mouse5,343,7,1,1
Mouse5,344,7,0,1
Mouse5,345,7,0,1
Mouse5,346,7,0,1
Mouse5,347,7,1,1
Mouse5,348,7,0,1
Mouse5,349,7,0,1
Mouse5,350,7,0,1
Mouse6,1,1,1,1
Mouse6,2,1,1,1
Mouse6,3,1,1,1
Mouse6,4,1,1,1
Mouse6,5,1,1,1
Mouse6,6,1,1,1
Mouse6,7,1,1,1
Mouse6,8,1,1,1
Mouse6,9,1,0,1
Mouse6,10,1,0,1
Mouse6,11,1,1,1
Mouse6,12,1,0,1
Mouse6,13,1,0,1
Mouse6,14,1,0,1
Mouse6,15,1,1,1
Mouse6,16,1,0,1
Mouse6,17,1,0,1
Mouse6,18,1,0,1
Mouse6,19,1,0,1
Mouse6,20,1,0,1
Mouse6,21,1,0,1
Mouse6,22,1,0,1
Mouse6,23,1,0,1
Mouse6,24,1,1,1
Mouse6,25,1,1,1
Mouse6,26,1,1,1
Mouse6,27,1,0,1
Mouse6,28,1,0,1
Mouse6,29,1,0,1
Mouse6,30,1,0,1
Mouse6,31,1,0,1
Mouse6,32,1,0,1
Mouse6,33,1,0,1
Mouse6,34,1,0,1
Mouse6,35,1,0,1
Mouse6,36,1,1,1
Mouse6,37,1,1,1
Mouse6,38,1,1,1
Mouse6,39,1,1,1
Mouse6,40,1,1,1
Mouse6,41,1,1,1
Mouse6,42,1,1,1
Mouse6,43,1,0,1
Mouse6,44,1,0,1
Mouse6,45,1,0,1
Mouse6,46,1,0,1
Mouse6,47,1,1,1
Mouse6,48,1,1,1
Mouse6,49,1,1,1
Mouse6,50,1,1,1
Mouse6,51,2,1,1
Mouse6,52,2,1,1
Mouse6,53,2,1,1
Mouse6,54,2,0,1
Mouse6,55,2,0,1
Mouse6,56,2,0,1
Mouse6,57,2,0,1
Mouse6,58,2,0,1
Mouse6,59,2,0,1
Mouse6,60,2,1,1
Mouse6,61,2,1,1
Mouse6,62,2,0,1
Mouse6,63,2,0,1
Mouse6,64,2,0,1
Mouse6,65,2,1,1
Mouse6,66,2,0,1
Mouse6,67,2,0,1
Mouse6,68,2,1,1
Mouse6,69,2,1,1
Mouse6,70,2,1,1
Mouse6,71,2,1,1
Mouse6,72,2,1,1
Mouse6,73,2,0,1
Mouse6,74,2,1,1
Mouse6,75,2,1,1
Mouse6,76,2,0,1
Mouse6,77,2,1,1
Mouse6,78,2,0,1
Mouse6,79,2,1,1
Mouse6,80,2,1,1
Mouse6,81,2,1,1
Mouse6,82,2,0,1
Mouse6,83,2,0,1
Mouse6,84,2,0,1
Mouse6,85,2,0,1
Mouse6,86,2,0,1
Mouse6,87,2,0,1
Mouse6,88,2,1,1
Mouse6,89,2,1,1
Mouse6,90,2,0,1
Mouse6,91,2,1,1
Mouse6,92,2,1,1
Mouse6,93,2,1,1
Mouse6,94,2,1,1
Mouse6,95,2,1,1
Mouse6,96,2,0,1
Mouse6,97,2,0,1
Mouse6,98,2,0,1
Mouse6,99,2,1,1
Mouse6,100,2,1,1
Mouse6,101,3,0,1
Mouse6,102,3,0,1
Mouse6,103,3,1,1
Mouse6,104,3,0,1
Mouse6,105,3,1,1
Mouse6,106,3,1,1
Mouse6,107,3,1,1
Mouse6,108,3,0,1
Mouse6,109,3,1,1
Mouse6,110,3,0,1
Mouse6,111,3,1,1
Mouse6,112,3,1,1
Mouse6,113,3,1,1
Mouse6,114,3,1,1
Mouse6,115,3,1,1
Mouse6,116,3,0,1
Mouse6,117,3,0,1
Mouse6,118,3,1,1
Mouse6,119,3,1,1
Mouse6,120,3,1,1
Mouse6,121,3,1,1
Mouse6,122,3,1,1
Mouse6,123,3,0,1
Mouse6,124,3,1,1
Mouse6,125,3,1,1
Mouse6,126,3,0,1
Mouse6,127,3,1,1
Mouse6,128,3,0,1
Mouse6,129,3,0,1
Mouse6,130,3,1,1
Mouse6,131,3,0,1
Mouse6,132,3,1,1
Mouse6,133,3,1,1
Mouse6,134,3,1,1
Mouse6,135,3,0,1
Mouse6,136,3,0,1
Mouse6,137,3,0,1
Mouse6,138,3,0,1
Mouse6,139,3,0,1
Mouse6,140,3,0,1
Mouse6,141,3,1,1
Mouse6,142,3,1,1
Mouse6,143,3,1,1
Mouse6,144,3,1,1
Mouse6,145,3,0,1
Mouse6,146,3,1,1
Mouse6,147,3,1,1
Mouse6,148,3,0,1
Mouse6,149,3,0,1
Mouse6,150,3,1,1
Mouse6,151,4,1,1
Mouse6,152,4,1,1
Mouse6,153,4,1,1
Mouse6,154,4,1,1
Mouse6,155,4,1,1
Mouse6,156,4,1,1
Mouse6,157,4,0,1
Mouse6,158,4,0,1
Mouse6,159,4,0,1
Mouse6,160,4,0,1
Mouse6,161,4,0,1
Mouse6,162,4,1,1
Mouse6,163,4,1,1
Mouse6,164,4,0,1
Mouse6,165,4,0,1
Mouse6,166,4,0,1
Mouse6,167,4,0,1
Mouse6,168,4,0,1
Mouse6,169,4,1,1
Mouse6,170,4,1,1
Mouse6,171,4,1,1
Mouse6,172,4,1,1
Mouse6,173,4,0,1
Mouse6,174,4,1,1
Mouse6,175,4,1,1
Mouse6,176,4,1,1
Mouse6,177,4,0,1
Mouse6,178,4,0,1
Mouse6,179,4,0,1
Mouse6,180,4,1,1
Mouse6,181,4,0,1
Mouse6,182,4,1,1
Mouse6,183,4,0,1
Mouse6,184,4,0,1
Mouse6,185,4,1,1
Mouse6,186,4,1,1
Mouse6,187,4,0,1
Mouse6,188,4,0,1
Mouse6,189,4,0,1
Mouse6,190,4,0,1
Mouse6,191,4,0,1
Mouse6,192,4,1,1
Mouse6,193,4,1,1
Mouse6,194,4,1,1
Mouse6,195,4,1,1
Mouse6,196,4,1,1
Mouse6,197,4,1,1
Mouse6,198,4,1,1
Mouse6,199,4,0,1
Mouse6,200,4,0,1
Mouse6,201,5,0,1
Mouse6,202,5,0,1
Mouse6,203,5,0,1
Mouse6,204,5,1,1
Mouse6,205,5,0,1
Mouse6,206,5,0,1
Mouse6,207,5,1,1
Mouse6,208,5,1,1
Mouse6,209,5,1,1
Mouse6,210,5,1,1
Mouse6,211,5,1,1
Mouse6,212,5,1,1
Mouse6,213,5,1,1
Mouse6,214,5,0,1
Mouse6,215,5,0,1
Mouse6,216,5,1,1
Mouse6,217,5,1,1
Mouse6,218,5,1,1
Mouse6,219,5,1,1
Mouse6,220,5,1,1
Mouse6,221,5,1,1
Mouse6,222,5,1,1
Mouse6,223,5,0,1
Mouse6,224,5,1,1
Mouse6,225,5,1,1
Mouse6,226,5,1,1
Mouse6,227,5,0,1
Mouse6,228,5,1,1
Mouse6,229,5,1,1
Mouse6,230,5,1,1
Mouse6,231,5,0,1
Mouse6,232,5,1,1
Mouse6,233,5,0,1
Mouse6,234,5,1,1
Mouse6,235,5,1,1
Mouse6,236,5,1,1
Mouse6,237,5,0,1
Mouse6,238,5,0,1
Mouse6,239,5,0,1
Mouse6,240,5,1,1
Mouse6,241,5,1,1
Mouse6,242,5,0,1
Mouse6,243,5,1,1
Mouse6,244,5,1,1
Mouse6,245,5,0,1
Mouse6,246,5,1,1
Mouse6,247,5,1,1
Mouse6,248,5,1,1
Mouse6,249,5,0,1
Mouse6,250,5,1,1
Mouse6,251,6,1,1
Mouse6,252,6,1,1
Mouse6,253,6,0,1
Mouse6,254,6,1,1
Mouse6,255,6,0,1
Mouse6,256,6,1,1
Mouse6,257,6,1,1
Mouse6,258,6,0,1
Mouse6,259,6,1,1
Mouse6,260,6,0,1
Mouse6,261,6,0,1
Mouse6,262,6,0,1
Mouse6,263,6,0,1
Mouse6,264,6,0,1
Mouse6,265,6,0,1
Mouse6,266,6,0,1
Mouse6,267,6,1,1
Mouse6,268,6,0,1
Mouse6,269,6,1,1
Mouse6,270,6,1,1
Mouse6,271,6,1,1
Mouse6,272,6,1,1
Mouse6,273,6,0,1
Mouse6,274,6,1,1
Mouse6,275,6,1,1
Mouse6,276,6,1,1
Mouse6,277,6,1,1
Mouse6,278,6,0,1
Mouse6,279,6,0,1
Mouse6,280,6,1,1
Mouse6,281,6,1,1
Mouse6,282,6,1,1
Mouse6,283,6,1,1
Mouse6,284,6,1,1
Mouse6,285,6,1,1
Mouse6,286,6,1,1
Mouse6,287,6,0,1
Mouse6,288,6,1,1
Mouse6,289,6,0,1
Mouse6,290,6,1,1
Mouse6,291,6,0,1
Mouse6,292,6,0,1
Mouse6,293,6,0,1
Mouse6,294,6,0,1
Mouse6,295,6,0,1
Mouse6,296,6,0,1
Mouse6,297,6,0,1
Mouse6,298,6,0,1
Mouse6,299,6,0,1
Mouse6,300,6,0,1
Mouse6,301,7,0,1
Mouse6,302,7,0,1
Mouse6,303,7,0,1
Mouse6,304,7,1,1
Mouse6,305,7,1,1
Mouse6,306,7,1,1
Mouse6,307,7,1,1
Mouse6,308,7,0,1
Mouse6,309,7,0,1
Mouse6,310,7,1,1
Mouse6,311,7,1,1
Mouse6,312,7,0,1
Mouse6,313,7,1,1
Mouse6,314,7,1,1
Mouse6,315,7,1,1
Mouse6,316,7,1,1
Mouse6,317,7,1,1
Mouse6,318,7,0,1
Mouse6,319,7,1,1
Mouse6,320,7,1,1
Mouse6,321,7,1,1
Mouse6,322,7,1,1
Mouse6,323,7,1,1
Mouse6,324,7,1,1
Mouse6,325,7,1,1
Mouse6,326,7,0,1
Mouse6,327,7,1,1
Mouse6,328,7,1,1
Mouse6,329,7,1,1
Mouse6,330,7,0,1
Mouse6,331,7,1,1
Mouse6,332,7,1,1
Mouse6,333,7,1,1
Mouse6,334,7,0,1
Mouse6,335,7,0,1
Mouse6,336,7,0,1
Mouse6,337,7,0,1
Mouse6,338,7,1,1
Mouse6,339,7,0,1
Mouse6,340,7,0,1
Mouse6,341,7,1,1
Mouse6,342,7,1,1
Mouse6,343,7,0,1
Mouse6,344,7,1,1
Mouse6,345,7,0,1
Mouse6,346,7,1,1
Mouse6,347,7,0,1
Mouse6,348,7,0,1
Mouse6,349,7,1,1
Mouse6,350,7,1,1
Mouse7,1,1,1,1
Mouse7,2,1,0,1
Mouse7,3,1,1,1
Mouse7,4,1,0,1
Mouse7,5,1,0,1
Mouse7,6,1,0,1
Mouse7,7,1,0,1
Mouse7,8,1,0,1
Mouse7,9,1,1,1
Mouse7,10,1,1,1
Mouse7,11,1,0,1
Mouse7,12,1,1,1
Mouse7,13,1,1,1
Mouse7,14,1,1,1
Mouse7,15,1,1,1
Mouse7,16,1,1,1
Mouse7,17,1,0,1
Mouse7,18,1,1,1
Mouse7,19,1,0,1
Mouse7,20,1,0,1
Mouse7,21,1,1,1
Mouse7,22,1,0,1
Mouse7,23,1,1,1
Mouse7,24,1,0,1
Mouse7,25,1,0,1
Mouse7,26,1,0,1
Mouse7,27,1,1,1
Mouse7,28,1,0,1
Mouse7,29,1,1,1
Mouse7,30,1,0,1
Mouse7,31,1,0,1
Mouse7,32,1,1,1
Mouse7,33,1,0,1
Mouse7,34,1,0,1
Mouse7,35,1,0,1
Mouse7,36,1,0,1
Mouse7,37,1,0,1
Mouse7,38,1,0,1
Mouse7,39,1,0,1
Mouse7,40,1,0,1
Mouse7,41,1,1,1
Mouse7,42,1,0,1
Mouse7,43,1,0,1
Mouse7,44,1,0,1
Mouse7,45,1,1,1
Mouse7,46,1,0,1
Mouse7,47,1,1,1
Mouse7,48,1,0,1
Mouse7,49,1,1,1
Mouse7,50,1,0,1
Mouse7,51,2,1,1
Mouse7,52,2,0,1
Mouse7,53,2,1,1
Mouse7,54,2,0,1
Mouse7,55,2,1,1
Mouse7,56,2,1,1
Mouse7,57,2,1,1
Mouse7,58,2,1,1
Mouse7,59,2,0,1
Mouse7,60,2,0,1
Mouse7,61,2,1,1
Mouse7,62,2,1,1
Mouse7,63,2,1,1
Mouse7,64,2,1,1
Mouse7,65,2,1,1
Mouse7,66,2,0,1
Mouse7,67,2,1,1
Mouse7,68,2,1,1
Mouse7,69,2,0,1
Mouse7,70,2,0,1
Mouse7,71,2,1,1
Mouse7,72,2,1,1
Mouse7,73,2,0,1
Mouse7,74,2,0,1
Mouse7,75,2,1,1
Mouse7,76,2,1,1
Mouse7,77,2,0,1
Mouse7,78,2,0,1
Mouse7,79,2,1,1
Mouse7,80,2,1,1
Mouse7,81,2,1,1
Mouse7,82,2,0,1
Mouse7,83,2,0,1
Mouse7,84,2,1,1
Mouse7,85,2,0,1
Mouse7,86,2,0,1
Mouse7,87,2,1,1
Mouse7,88,2,1,1
Mouse7,89,2,0,1
Mouse7,90,2,1,1
Mouse7,91,2,0,1
Mouse7,92,2,1,1
Mouse7,93,2,0,1
Mouse7,94,2,0,1
Mouse7,95,2,1,1
Mouse7,96,2,1,1
Mouse7,97,2,1,1
Mouse7,98,2,0,1
Mouse7,99,2,1,1
Mouse7,100,2,0,1
Mouse7,101,3,0,1
Mouse7,102,3,0,1
Mouse7,103,3,1,1
Mouse7,104,3,1,1
Mouse7,105,3,1,1
Mouse7,106,3,0,1
Mouse7,107,3,0,1
Mouse7,108,3,1,1
Mouse7,109,3,0,1
Mouse7,110,3,0,1
Mouse7,111,3,1,1
Mouse7,112,3,1,1
Mouse7,113,3,0,1
Mouse7,114,3,1,1
Mouse7,115,3,0,1
Mouse7,116,3,1,1
Mouse7,117,3,1,1
Mouse7,118,3,0,1
Mouse7,119,3,0,1
Mouse7,120,3,1,1
Mouse7,121,3,1,1
Mouse7,122,3,0,1
Mouse7,123,3,0,1
Mouse7,124,3,0,1
Mouse7,125,3,1,1
Mouse7,126,3,1,1
Mouse7,127,3,0,1
Mouse7,128,3,0,1
Mouse7,129,3,1,1
Mouse7,130,3,1,1
Mouse7,131,3,0,1
Mouse7,132,3,0,1
Mouse7,133,3,1,1
Mouse7,134,3,0,1
Mouse7,135,3,1,1
Mouse7,136,3,1,1
Mouse7,137,3,0,1
Mouse7,138,3,0,1
Mouse7,139,3,0,1
Mouse7,140,3,0,1
Mouse7,141,3,0,1
Mouse7,142,3,1,1
Mouse7,143,3,1,1
Mouse7,144,3,1,1
Mouse7,145,3,1,1
Mouse7,146,3,1,1
Mouse7,147,3,1,1
Mouse7,148,3,1,1
Mouse7,149,3,1,1
Mouse7,150,3,1,1
Mouse7,151,4,1,1
Mouse7,152,4,1,1
Mouse7,153,4,1,1
Mouse7,154,4,0,1
Mouse7,155,4,1,1
Mouse7,156,4,0,1
Mouse7,157,4,0,1
Mouse7,158,4,1,1
Mouse7,159,4,1,1
Mouse7,160,4,0,1
Mouse7,161,4,1,1
Mouse7,162,4,1,1
Mouse7,163,4,1,1
Mouse7,164,4,1,1
Mouse7,165,4,1,1
Mouse7,166,4,0,1
Mouse7,167,4,0,1
Mouse7,168,4,0,1
Mouse7,169,4,1,1
Mouse7,170,4,1,1
Mouse7,171,4,1,1
Mouse7,172,4,1,1
Mouse7,173,4,0,1
Mouse7,174,4,1,1
Mouse7,175,4,1,1
Mouse7,176,4,1,1
Mouse7,177,4,0,1
Mouse7,178,4,1,1
Mouse7,179,4,0,1
Mouse7,180,4,1,1
Mouse7,181,4,1,1
Mouse7,182,4,0,1
Mouse7,183,4,0,1
Mouse7,184,4,0,1
Mouse7,185,4,0,1
Mouse7,186,4,0,1
Mouse7,187,4,1,1
Mouse7,188,4,0,1
Mouse7,189,4,0,1
Mouse7,190,4,0,1
Mouse7,191,4,1,1
Mouse7,192,4,1,1
Mouse7,193,4,0,1
Mouse7,194,4,0,1
Mouse7,195,4,0,1
Mouse7,196,4,1,1
Mouse7,197,4,1,1
Mouse7,198,4,1,1
Mouse7,199,4,1,1
Mouse7,200,4,1,1
Mouse7,201,5,1,1
Mouse7,202,5,1,1
Mouse7,203,5,1,1
Mouse7,204,5,0,1
Mouse7,205,5,1,1
Mouse7,206,5,0,1
Mouse7,207,5,1,1
Mouse7,208,5,0,1
Mouse7,209,5,1,1
Mouse7,210,5,0,1
Mouse7,211,5,1,1
Mouse7,212,5,1,1
Mouse7,213,5,0,1
Mouse7,214,5,1,1
Mouse7,215,5,0,1
Mouse7,216,5,1,1
Mouse7,217,5,0,1
Mouse7,218,5,0,1
Mouse7,219,5,0,1
Mouse7,220,5,1,1
Mouse7,221,5,1,1
Mouse7,222,5,0,1
Mouse7,223,5,1,1
Mouse7,224,5,1,1
Mouse7,225,5,0,1
Mouse7,226,5,0,1
Mouse7,227,5,0,1
Mouse7,228,5,1,1
Mouse7,229,5,1,1
Mouse7,230,5,1,1
Mouse7,231,5,1,1
Mouse7,232,5,0,1
Mouse7,233,5,1,1
Mouse7,234,5,0,1
Mouse7,235,5,0,1
Mouse7,236,5,1,1
Mouse7,237,5,0,1
Mouse7,238,5,0,1
Mouse7,239,5,0,1
Mouse7,240,5,1,1
Mouse7,241,5,0,1
Mouse7,242,5,1,1
Mouse7,243,5,1,1
Mouse7,244,5,1,1
Mouse7,245,5,1,1
Mouse7,246,5,1,1
Mouse7,247,5,0,1
Mouse7,248,5,0,1
Mouse7,249,5,1,1
Mouse7,250,5,1,1
Mouse7,251,6,0,1
Mouse7,252,6,1,1
Mouse7,253,6,0,1
Mouse7,254,6,1,1
Mouse7,255,6,1,1
Mouse7,256,6,1,1
Mouse7,257,6,1,1
Mouse7,258,6,1,1
Mouse7,259,6,1,1
Mouse7,260,6,0,1
Mouse7,261,6,0,1
Mouse7,262,6,1,1
Mouse7,263,6,0,1
Mouse7,264,6,0,1
Mouse7,265,6,0,1
Mouse7,266,6,1,1
Mouse7,267,6,1,1
Mouse7,268,6,1,1
Mouse7,269,6,1,1
Mouse7,270,6,0,1
Mouse7,271,6,0,1
Mouse7,272,6,1,1
Mouse7,273,6,0,1
Mouse7,274,6,1,1
Mouse7,275,6,1,1
Mouse7,276,6,1,1
Mouse7,277,6,1,1
Mouse7,278,6,0,1
Mouse7,279,6,1,1
Mouse7,280,6,1,1
Mouse7,281,6,1,1
Mouse7,282,6,1,1
Mouse7,283,6,0,1
Mouse7,284,6,1,1
Mouse7,285,6,0,1
Mouse7,286,6,1,1
Mouse7,287,6,0,1
Mouse7,288,6,1,1
Mouse7,289,6,1,1
Mouse7,290,6,0,1
Mouse7,291,6,0,1
Mouse7,292,6,1,1
Mouse7,293,6,1,1
Mouse7,294,6,1,1
Mouse7,295,6,1,1
Mouse7,296,6,1,1
Mouse7,297,6,1,1
Mouse7,298,6,0,1
Mouse7,299,6,1,1
Mouse7,300,6,1,1
Mouse7,301,7,0,1
Mouse7,302,7,0,1
Mouse7,303,7,1,1
Mouse7,304,7,0,1
Mouse7,305,7,1,1
Mouse7,306,7,1,1
Mouse7,307,7,1,1
Mouse7,308,7,0,1
Mouse7,309,7,1,1
Mouse7,310,7,1,1
Mouse7,311,7,1,1
Mouse7,312,7,1,1
Mouse7,313,7,1,1
Mouse7,314,7,0,1
Mouse7,315,7,1,1
Mouse7,316,7,0,1
Mouse7,317,7,1,1
Mouse7,318,7,0,1
Mouse7,319,7,1,1
Mouse7,320,7,1,1
Mouse7,321,7,0,1
Mouse7,322,7,1,1
Mouse7,323,7,1,1
Mouse7,324,7,0,1
Mouse7,325,7,1,1
Mouse7,326,7,0,1
Mouse7,327,7,0,1
Mouse7,328,7,1,1
Mouse7,329,7,0,1
Mouse7,330,7,1,1
Mouse7,331,7,0,1
Mouse7,332,7,1,1
Mouse7,333,7,1,1
Mouse7,334,7,0,1
Mouse7,335,7,0,1
Mouse7,336,7,1,1
Mouse7,337,7,0,1
Mouse7,338,7,1,1
Mouse7,339,7,0,1
Mouse7,340,7,0,1
Mouse7,341,7,1,1
Mouse7,342,7,0,1
Mouse7,343,7,0,1
Mouse7,344,7,1,1
Mouse7,345,7,1,1
Mouse7,346,7,1,1
Mouse7,347,7,0,1
Mouse7,348,7,1,1
Mouse7,349,7,0,1
Mouse7,350,7,1,1
Mouse8,1,1,1,2
Mouse8,2,1,1,2
Mouse8,3,1,0,2
Mouse8,4,1,1,2
Mouse8,5,1,1,2
Mouse8,6,1,1,2
Mouse8,7,1,1,2
Mouse8,8,1,1,2
Mouse8,9,1,1,2
Mouse8,10,1,1,2
Mouse8,11,1,1,2
Mouse8,12,1,0,2
Mouse8,13,1,0,2
Mouse8,14,1,0,2
Mouse8,15,1,1,2
Mouse8,16,1,0,2
Mouse8,17,1,1,2
Mouse8,18,1,1,2
Mouse8,19,1,1,2
Mouse8,20,1,1,2
Mouse8,21,1,1,2
Mouse8,22,1,0,2
Mouse8,23,1,0,2
Mouse8,24,1,1,2
Mouse8,25,1,0,2
Mouse8,26,1,1,2
Mouse8,27,1,1,2
Mouse8,28,1,1,2
Mouse8,29,1,1,2
Mouse8,30,1,0,2
Mouse8,31,1,1,2
Mouse8,32,1,0,2
Mouse8,33,1,0,2
Mouse8,34,1,1,2
Mouse8,35,1,0,2
Mouse8,36,1,1,2
Mouse8,37,1,1,2
Mouse8,38,1,0,2
Mouse8,39,1,0,2
Mouse8,40,1,1,2
Mouse8,41,1,1,2
Mouse8,42,1,0,2
Mouse8,43,1,0,2
Mouse8,44,1,1,2
Mouse8,45,1,0,2
Mouse8,46,1,1,2
Mouse8,47,1,0,2
Mouse8,48,1,0,2
Mouse8,49,1,0,2
Mouse8,50,1,0,2
Mouse8,51,2,0,2
Mouse8,52,2,1,2
Mouse8,53,2,0,2
Mouse8,54,2,1,2
Mouse8,55,2,0,2
Mouse8,56,2,1,2
Mouse8,57,2,1,2
Mouse8,58,2,0,2
Mouse8,59,2,1,2
Mouse8,60,2,1,2
Mouse8,61,2,1,2
Mouse8,62,2,1,2
Mouse8,63,2,0,2
Mouse8,64,2,1,2
Mouse8,65,2,1,2
Mouse8,66,2,1,2
Mouse8,67,2,1,2
Mouse8,68,2,0,2
Mouse8,69,2,0,2
Mouse8,70,2,1,2
Mouse8,71,2,1,2
Mouse8,72,2,0,2
Mouse8,73,2,0,2
Mouse8,74,2,0,2
Mouse8,75,2,0,2
Mouse8,76,2,1,2
Mouse8,77,2,0,2
Mouse8,78,2,0,2
Mouse8,79,2,0,2
Mouse8,80,2,0,2
Mouse8,81,2,0,2
Mouse8,82,2,0,2
Mouse8,83,2,0,2
Mouse8,84,2,0,2
Mouse8,85,2,0,2
Mouse8,86,2,0,2
Mouse8,87,2,1,2
Mouse8,88,2,1,2
Mouse8,89,2,1,2
Mouse8,90,2,0,2
Mouse8,91,2,1,2
Mouse8,92,2,0,2
Mouse8,93,2,0,2
Mouse8,94,2,1,2
Mouse8,95,2,0,2
Mouse8,96,2,1,2
Mouse8,97,2,1,2
Mouse8,98,2,0,2
Mouse8,99,2,1,2
Mouse8,100,2,0,2
Mouse8,101,3,0,2
Mouse8,102,3,1,2
Mouse8,103,3,0,2
Mouse8,104,3,1,2
Mouse8,105,3,0,2
Mouse8,106,3,1,2
Mouse8,107,3,0,2
Mouse8,108,3,0,2
Mouse8,109,3,0,2
Mouse8,110,3,0,2
Mouse8,111,3,1,2
Mouse8,112,3,1,2
Mouse8,113,3,1,2
Mouse8,114,3,1,2
Mouse8,115,3,1,2
Mouse8,116,3,0,2
Mouse8,117,3,0,2
Mouse8,118,3,1,2
Mouse8,119,3,1,2
Mouse8,120,3,1,2
Mouse8,121,3,1,2
Mouse8,122,3,1,2
Mouse8,123,3,0,2
Mouse8,124,3,1,2
Mouse8,125,3,1,2
Mouse8,126,3,0,2
Mouse8,127,3,1,2
Mouse8,128,3,0,2
Mouse8,129,3,0,2
Mouse8,130,3,0,2
Mouse8,131,3,1,2
Mouse8,132,3,0,2
Mouse8,133,3,0,2
Mouse8,134,3,0,2
Mouse8,135,3,1,2
Mouse8,136,3,0,2
Mouse8,137,3,1,2
Mouse8,138,3,0,2
Mouse8,139,3,0,2
Mouse8,140,3,0,2
Mouse8,141,3,0,2
Mouse8,142,3,1,2
Mouse8,143,3,0,2
Mouse8,144,3,0,2
Mouse8,145,3,1,2
Mouse8,146,3,1,2
Mouse8,147,3,0,2
Mouse8,148,3,1,2
Mouse8,149,3,1,2
Mouse8,150,3,1,2
Mouse8,151,4,1,2
Mouse8,152,4,1,2
Mouse8,153,4,0,2
Mouse8,154,4,1,2
Mouse8,155,4,1,2
Mouse8,156,4,0,2
Mouse8,157,4,0,2
Mouse8,158,4,0,2
Mouse8,159,4,0,2
Mouse8,160,4,0,2
Mouse8,161,4,0,2
Mouse8,162,4,0,2
Mouse8,163,4,1,2
Mouse8,164,4,0,2
Mouse8,165,4,1,2
Mouse8,166,4,0,2
Mouse8,167,4,0,2
Mouse8,168,4,1,2
Mouse8,169,4,0,2
Mouse8,170,4,0,2
Mouse8,171,4,1,2
Mouse8,172,4,1,2
Mouse8,173,4,0,2
Mouse8,174,4,0,2
Mouse8,175,4,0,2
Mouse8,176,4,0,2
Mouse8,177,4,1,2
Mouse8,178,4,1,2
Mouse8,179,4,1,2
Mouse8,180,4,1,2
Mouse8,181,4,1,2
Mouse8,182,4,1,2
Mouse8,183,4,1,2
Mouse8,184,4,0,2
Mouse8,185,4,1,2
Mouse8,186,4,0,2
Mouse8,187,4,0,2
Mouse8,188,4,1,2
Mouse8,189,4,0,2
Mouse8,190,4,1,2
Mouse8,191,4,1,2
Mouse8,192,4,1,2
Mouse8,193,4,0,2
Mouse8,194,4,1,2
Mouse8,195,4,0,2
Mouse8,196,4,1,2
Mouse8,197,4,0,2
Mouse8,198,4,0,2
Mouse8,199,4,1,2
Mouse8,200,4,1,2
Mouse8,201,5,0,2
Mouse8,202,5,0,2
Mouse8,203,5,0,2
Mouse8,204,5,1,2
Mouse8,205,5,1,2
Mouse8,206,5,1,2
Mouse8,207,5,1,2
Mouse8,208,5,1,2
Mouse8,209,5,1,2
Mouse8,210,5,0,2
Mouse8,211,5,1,2
Mouse8,212,5,0,2
Mouse8,213,5,0,2
Mouse8,214,5,0,2
Mouse8,215,5,1,2
Mouse8,216,5,1,2
Mouse8,217,5,0,2
Mouse8,218,5,0,2
Mouse8,219,5,1,2
Mouse8,220,5,1,2
Mouse8,221,5,1,2
Mouse8,222,5,1,2
Mouse8,223,5,0,2
Mouse8,224,5,0,2
Mouse8,225,5,1,2
Mouse8,226,5,1,2
Mouse8,227,5,1,2
Mouse8,228,5,0,2
Mouse8,229,5,0,2
Mouse8,230,5,0,2
Mouse8,231,5,1,2
Mouse8,232,5,0,2
Mouse8,233,5,0,2
Mouse8,234,5,0,2
Mouse8,235,5,1,2
Mouse8,236,5,1,2
Mouse8,237,5,0,2
Mouse8,238,5,0,2
Mouse8,239,5,0,2
Mouse8,240,5,0,2
Mouse8,241,5,0,2
Mouse8,242,5,1,2
Mouse8,243,5,1,2
Mouse8,244,5,1,2
Mouse8,245,5,0,2
Mouse8,246,5,1,2
Mouse8,247,5,0,2
Mouse8,248,5,1,2
Mouse8,249,5,0,2
Mouse8,250,5,0,2
Mouse8,251,6,0,2
Mouse8,252,6,1,2
Mouse8,253,6,0,2
Mouse8,254,6,0,2
Mouse8,255,6,1,2
Mouse8,256,6,1,2
Mouse8,257,6,1,2
Mouse8,258,6,0,2
Mouse8,259,6,1,2
Mouse8,260,6,0,2
Mouse8,261,6,0,2
Mouse8,262,6,1,2
Mouse8,263,6,1,2
Mouse8,264,6,0,2
Mouse8,265,6,1,2
Mouse8,266,6,1,2
Mouse8,267,6,1,2
Mouse8,268,6,0,2
Mouse8,269,6,0,2
Mouse8,270,6,0,2
Mouse8,271,6,0,2
Mouse8,272,6,0,2
Mouse8,273,6,1,2
Mouse8,274,6,0,2
Mouse8,275,6,1,2
Mouse8,276,6,1,2
Mouse8,277,6,0,2
Mouse8,278,6,1,2
Mouse8,279,6,1,2
Mouse8,280,6,0,2
Mouse8,281,6,1,2
Mouse8,282,6,0,2
Mouse8,283,6,1,2
Mouse8,284,6,1,2
Mouse8,285,6,0,2
Mouse8,286,6,1,2
Mouse8,287,6,1,2
Mouse8,288,6,1,2
Mouse8,289,6,1,2
Mouse8,290,6,1,2
Mouse8,291,6,0,2
Mouse8,292,6,1,2
Mouse8,293,6,0,2
Mouse8,294,6,0,2
Mouse8,295,6,0,2
Mouse8,296,6,1,2
Mouse8,297,6,1,2
Mouse8,298,6,1,2
Mouse8,299,6,0,2
Mouse8,300,6,1,2
Mouse8,301,7,0,2
Mouse8,302,7,0,2
Mouse8,303,7,0,2
Mouse8,304,7,0,2
Mouse8,305,7,1,2
Mouse8,306,7,0,2
Mouse8,307,7,1,2
Mouse8,308,7,1,2
Mouse8,309,7,1,2
Mouse8,310,7,1,2
Mouse8,311,7,1,2
Mouse8,312,7,1,2
Mouse8,313,7,0,2
Mouse8,314,7,0,2
Mouse8,315,7,0,2
Mouse8,316,7,1,2
Mouse8,317,7,0,2
Mouse8,318,7,0,2
Mouse8,319,7,1,2
Mouse8,320,7,0,2
Mouse8,321,7,0,2
Mouse8,322,7,1,2
Mouse8,323,7,0,2
Mouse8,324,7,0,2
Mouse8,325,7,1,2
Mouse8,326,7,1,2
Mouse8,327,7,1,2
Mouse8,328,7,1,2
Mouse8,329,7,1,2
Mouse8,330,7,0,2
Mouse8,331,7,0,2
Mouse8,332,7,1,2
Mouse8,333,7,1,2
Mouse8,334,7,1,2
Mouse8,335,7,0,2
Mouse8,336,7,1,2
Mouse8,337,7,1,2
Mouse8,338,7,1,2
Mouse8,339,7,1,2
Mouse8,340,7,0,2
Mouse8,341,7,0,2
Mouse8,342,7,0,2
Mouse8,343,7,0,2
Mouse8,344,7,1,2
Mouse8,345,7,1,2
Mouse8,346,7,0,2
Mouse8,347,7,1,2
Mouse8,348,7,0,2
Mouse8,349,7,1,2
Mouse8,350,7,1,2
Mouse9,1,1,1,2
Mouse9,2,1,1,2
Mouse9,3,1,1,2
Mouse9,4,1,0,2
Mouse9,5,1,1,2
Mouse9,6,1,1,2
Mouse9,7,1,1,2
Mouse9,8,1,0,2
Mouse9,9,1,1,2
Mouse9,10,1,0,2
Mouse9,11,1,0,2
Mouse9,12,1,1,2
Mouse9,13,1,1,2
Mouse9,14,1,0,2
Mouse9,15,1,0,2
Mouse9,16,1,1,2
Mouse9,17,1,0,2
Mouse9,18,1,1,2
Mouse9,19,1,0,2
Mouse9,20,1,1,2
Mouse9,21,1,1,2
Mouse9,22,1,1,2
Mouse9,23,1,1,2
Mouse9,24,1,0,2
Mouse9,25,1,1,2
Mouse9,26,1,0,2
Mouse9,27,1,1,2
Mouse9,28,1,0,2
Mouse9,29,1,0,2
Mouse9,30,1,1,2
Mouse9,31,1,0,2
Mouse9,32,1,1,2
Mouse9,33,1,1,2
Mouse9,34,1,0,2
Mouse9,35,1,1,2
Mouse9,36,1,0,2
Mouse9,37,1,1,2
Mouse9,38,1,0,2
Mouse9,39,1,0,2
Mouse9,40,1,1,2
Mouse9,41,1,1,2
Mouse9,42,1,1,2
Mouse9,43,1,1,2
Mouse9,44,1,1,2
Mouse9,45,1,1,2
Mouse9,46,1,0,2
Mouse9,47,1,1,2
Mouse9,48,1,0,2
Mouse9,49,1,1,2
Mouse9,50,1,0,2
Mouse9,51,2,0,2
Mouse9,52,2,1,2
Mouse9,53,2,0,2
Mouse9,54,2,0,2
Mouse9,55,2,0,2
Mouse9,56,2,1,2
Mouse9,57,2,1,2
Mouse9,58,2,1,2
Mouse9,59,2,1,2
Mouse9,60,2,0,2
Mouse9,61,2,1,2
Mouse9,62,2,1,2
Mouse9,63,2,0,2
Mouse9,64,2,0,2
Mouse9,65,2,1,2
Mouse9,66,2,0,2
Mouse9,67,2,0,2
Mouse9,68,2,0,2
Mouse9,69,2,0,2
Mouse9,70,2,0,2
Mouse9,71,2,1,2
Mouse9,72,2,1,2
Mouse9,73,2,0,2
Mouse9,74,2,1,2
Mouse9,75,2,0,2
Mouse9,76,2,1,2
Mouse9,77,2,0,2
Mouse9,78,2,1,2
Mouse9,79,2,0,2
Mouse9,80,2,0,2
Mouse9,81,2,0,2
Mouse9,82,2,0,2
Mouse9,83,2,0,2
Mouse9,84,2,0,2
Mouse9,85,2,1,2
Mouse9,86,2,1,2
Mouse9,87,2,1,2
Mouse9,88,2,1,2
Mouse9,89,2,1,2
Mouse9,90,2,0,2
Mouse9,91,2,1,2
Mouse9,92,2,1,2
Mouse9,93,2,0,2
Mouse9,94,2,1,2
Mouse9,95,2,1,2
Mouse9,96,2,1,2
Mouse9,97,2,0,2
Mouse9,98,2,0,2
Mouse9,99,2,1,2
Mouse9,100,2,0,2
Mouse9,101,3,0,2
Mouse9,102,3,1,2
Mouse9,103,3,1,2
Mouse9,104,3,0,2
Mouse9,105,3,0,2
Mouse9,106,3,0,2
Mouse9,107,3,1,2
Mouse9,108,3,1,2
Mouse9,109,3,0,2
Mouse9,110,3,0,2
Mouse9,111,3,1,2
Mouse9,112,3,0,2
Mouse9,113,3,1,2
Mouse9,114,3,0,2
Mouse9,115,3,1,2
Mouse9,116,3,1,2
Mouse9,117,3,1,2
Mouse9,118,3,1,2
Mouse9,119,3,1,2
Mouse9,120,3,0,2
Mouse9,121,3,1,2
Mouse9,122,3,0,2
Mouse9,123,3,1,2
Mouse9,124,3,0,2
Mouse9,125,3,1,2
Mouse9,126,3,1,2
Mouse9,127,3,1,2
Mouse9,128,3,0,2
Mouse9,129,3,1,2
Mouse9,130,3,1,2
Mouse9,131,3,1,2
Mouse9,132,3,1,2
Mouse9,133,3,0,2
Mouse9,134,3,1,2
Mouse9,135,3,0,2
Mouse9,136,3,0,2
Mouse9,137,3,0,2
Mouse9,138,3,0,2
Mouse9,139,3,1,2
Mouse9,140,3,0,2
Mouse9,141,3,0,2
Mouse9,142,3,0,2
Mouse9,143,3,1,2
Mouse9,144,3,0,2
Mouse9,145,3,1,2
Mouse9,146,3,1,2
Mouse9,147,3,1,2
Mouse9,148,3,1,2
Mouse9,149,3,0,2
Mouse9,150,3,0,2
Mouse9,151,4,0,2
Mouse9,152,4,0,2
Mouse9,153,4,0,2
Mouse9,154,4,0,2
Mouse9,155,4,1,2
Mouse9,156,4,0,2
Mouse9,157,4,1,2
Mouse9,158,4,0,2
Mouse9,159,4,0,2
Mouse9,160,4,0,2
Mouse9,161,4,1,2
Mouse9,162,4,1,2
Mouse9,163,4,1,2
Mouse9,164,4,1,2
Mouse9,165,4,0,2
Mouse9,166,4,1,2
Mouse9,167,4,0,2
Mouse9,168,4,0,2
Mouse9,169,4,0,2
Mouse9,170,4,0,2
Mouse9,171,4,0,2
Mouse9,172,4,0,2
Mouse9,173,4,1,2
Mouse9,174,4,0,2
Mouse9,175,4,1,2
Mouse9,176,4,1,2
Mouse9,177,4,0,2
Mouse9,178,4,1,2
Mouse9,179,4,0,2
Mouse9,180,4,0,2
Mouse9,181,4,0,2
Mouse9,182,4,0,2
Mouse9,183,4,1,2
Mouse9,184,4,0,2
Mouse9,185,4,0,2
Mouse9,186,4,1,2
Mouse9,187,4,0,2
Mouse9,188,4,0,2
Mouse9,189,4,0,2
Mouse9,190,4,1,2
Mouse9,191,4,0,2
Mouse9,192,4,1,2
Mouse9,193,4,1,2
Mouse9,194,4,0,2
Mouse9,195,4,1,2
Mouse9,196,4,1,2
Mouse9,197,4,1,2
Mouse9,198,4,1,2
Mouse9,199,4,1,2
Mouse9,200,4,0,2
Mouse9,201,5,1,2
Mouse9,202,5,0,2
Mouse9,203,5,0,2
Mouse9,204,5,1,2
Mouse9,205,5,0,2
Mouse9,206,5,1,2
Mouse9,207,5,0,2
Mouse9,208,5,0,2
Mouse9,209,5,0,2
Mouse9,210,5,1,2
Mouse9,211,5,1,2
Mouse9,212,5,1,2
Mouse9,213,5,1,2
Mouse9,214,5,0,2
Mouse9,215,5,0,2
Mouse9,216,5,0,2
Mouse9,217,5,0,2
Mouse9,218,5,1,2
Mouse9,219,5,1,2
Mouse9,220,5,1,2
Mouse9,221,5,1,2
Mouse9,222,5,0,2
Mouse9,223,5,0,2
Mouse9,224,5,1,2
Mouse9,225,5,0,2
Mouse9,226,5,1,2
Mouse9,227,5,0,2
Mouse9,228,5,0,2
Mouse9,229,5,1,2
Mouse9,230,5,0,2
Mouse9,231,5,0,2
Mouse9,232,5,1,2
Mouse9,233,5,0,2
Mouse9,234,5,0,2
Mouse9,235,5,0,2
Mouse9,236,5,1,2
Mouse9,237,5,0,2
Mouse9,238,5,1,2
Mouse9,239,5,0,2
Mouse9,240,5,0,2
Mouse9,241,5,0,2
Mouse9,242,5,1,2
Mouse9,243,5,1,2
Mouse9,244,5,1,2
Mouse9,245,5,0,2
Mouse9,246,5,1,2
Mouse9,247,5,1,2
Mouse9,248,5,1,2
Mouse9,249,5,1,2
Mouse9,250,5,0,2
Mouse9,251,6,0,2
Mouse9,252,6,1,2
Mouse9,253,6,1,2
Mouse9,254,6,1,2
Mouse9,255,6,0,2
Mouse9,256,6,0,2
Mouse9,257,6,0,2
Mouse9,258,6,0,2
Mouse9,259,6,0,2
Mouse9,260,6,0,2
Mouse9,261,6,0,2
Mouse9,262,6,0,2
Mouse9,263,6,0,2
Mouse9,264,6,1,2
Mouse9,265,6,1,2
Mouse9,266,6,1,2
Mouse9,267,6,1,2
Mouse9,268,6,0,2
Mouse9,269,6,0,2
Mouse9,270,6,1,2
Mouse9,271,6,0,2
Mouse9,272,6,0,2
Mouse9,273,6,0,2
Mouse9,274,6,1,2
Mouse9,275,6,1,2
Mouse9,276,6,1,2
Mouse9,277,6,1,2
Mouse9,278,6,1,2
Mouse9,279,6,1,2
Mouse9,280,6,1,2
Mouse9,281,6,1,2
Mouse9,282,6,0,2
Mouse9,283,6,0,2
Mouse9,284,6,0,2
Mouse9,285,6,0,2
Mouse9,286,6,1,2
Mouse9,287,6,1,2
Mouse9,288,6,0,2
Mouse9,289,6,0,2
Mouse9,290,6,1,2
Mouse9,291,6,1,2
Mouse9,292,6,1,2
Mouse9,293,6,1,2
Mouse9,294,6,1,2
Mouse9,295,6,0,2
Mouse9,296,6,1,2
Mouse9,297,6,0,2
Mouse9,298,6,0,2
Mouse9,299,6,0,2
Mouse9,300,6,0,2
Mouse9,301,7,1,2
Mouse9,302,7,1,2
Mouse9,303,7,1,2
Mouse9,304,7,1,2
Mouse9,305,7,0,2
Mouse9,306,7,1,2
Mouse9,307,7,1,2
Mouse9,308,7,0,2
Mouse9,309,7,0,2
Mouse9,310,7,1,2
Mouse9,311,7,1,2
Mouse9,312,7,0,2
Mouse9,313,7,0,2
Mouse9,314,7,0,2
Mouse9,315,7,0,2
Mouse9,316,7,1,2
Mouse9,317,7,0,2
Mouse9,318,7,1,2
Mouse9,319,7,0,2
Mouse9,320,7,0,2
Mouse9,321,7,0,2
Mouse9,322,7,0,2
Mouse9,323,7,1,2
Mouse9,324,7,0,2
Mouse9,325,7,1,2
Mouse9,326,7,0,2
Mouse9,327,7,1,2
Mouse9,328,7,1,2
Mouse9,329,7,0,2
Mouse9,330,7,0,2
Mouse9,331,7,1,2
Mouse9,332,7,0,2
Mouse9,333,7,1,2
Mouse9,334,7,0,2
Mouse9,335,7,0,2
Mouse9,336,7,0,2
Mouse9,337,7,0,2
Mouse9,338,7,1,2
Mouse9,339,7,0,2
Mouse9,340,7,1,2
Mouse9,341,7,0,2
Mouse9,342,7,1,2
Mouse9,343,7,1,2
Mouse9,344,7,0,2
Mouse9,345,7,1,2
Mouse9,346,7,1,2
Mouse9,347,7,1,2
Mouse9,348,7,0,2
Mouse9,349,7,1,2
Mouse9,350,7,1,2
Mouse10,1,1,1,2
Mouse10,2,1,1,2
Mouse10,3,1,0,2
Mouse10,4,1,1,2
Mouse10,5,1,1,2
Mouse10,6,1,1,2
Mouse10,7,1,1,2
Mouse10,8,1,1,2
Mouse10,9,1,0,2
Mouse10,10,1,0,2
Mouse10,11,1,0,2
Mouse10,12,1,0,2
Mouse10,13,1,0,2
Mouse10,14,1,0,2
Mouse10,15,1,0,2
Mouse10,16,1,0,2
Mouse10,17,1,1,2
Mouse10,18,1,0,2
Mouse10,19,1,0,2
Mouse10,20,1,0,2
Mouse10,21,1,1,2
Mouse10,22,1,0,2
Mouse10,23,1,1,2
Mouse10,24,1,0,2
Mouse10,25,1,1,2
Mouse10,26,1,0,2
Mouse10,27,1,0,2
Mouse10,28,1,0,2
Mouse10,29,1,0,2
Mouse10,30,1,1,2
Mouse10,31,1,0,2
Mouse10,32,1,1,2
Mouse10,33,1,0,2
Mouse10,34,1,0,2
Mouse10,35,1,0,2
Mouse10,36,1,1,2
Mouse10,37,1,0,2
Mouse10,38,1,0,2
Mouse10,39,1,0,2
Mouse10,40,1,1,2
Mouse10,41,1,0,2
Mouse10,42,1,1,2
Mouse10,43,1,0,2
Mouse10,44,1,0,2
Mouse10,45,1,1,2
Mouse10,46,1,0,2
Mouse10,47,1,0,2
Mouse10,48,1,0,2
Mouse10,49,1,1,2
Mouse10,50,1,0,2
Mouse10,51,2,0,2
Mouse10,52,2,0,2
Mouse10,53,2,0,2
Mouse10,54,2,0,2
Mouse10,55,2,1,2
Mouse10,56,2,1,2
Mouse10,57,2,0,2
Mouse10,58,2,0,2
Mouse10,59,2,0,2
Mouse10,60,2,1,2
Mouse10,61,2,0,2
Mouse10,62,2,1,2
Mouse10,63,2,1,2
Mouse10,64,2,0,2
Mouse10,65,2,0,2
Mouse10,66,2,1,2
Mouse10,67,2,1,2
Mouse10,68,2,0,2
Mouse10,69,2,1,2
Mouse10,70,2,1,2
Mouse10,71,2,0,2
Mouse10,72,2,1,2
Mouse10,73,2,0,2
Mouse10,74,2,0,2
Mouse10,75,2,1,2
Mouse10,76,2,1,2
Mouse10,77,2,1,2
Mouse10,78,2,1,2
Mouse10,79,2,1,2
Mouse10,80,2,1,2
Mouse10,81,2,1,2
Mouse10,82,2,0,2
Mouse10,83,2,1,2
Mouse10,84,2,1,2
Mouse10,85,2,1,2
Mouse10,86,2,0,2
Mouse10,87,2,1,2
Mouse10,88,2,1,2
Mouse10,89,2,0,2
Mouse10,90,2,1,2
Mouse10,91,2,1,2
Mouse10,92,2,1,2
Mouse10,93,2,0,2
Mouse10,94,2,1,2
Mouse10,95,2,1,2
Mouse10,96,2,0,2
Mouse10,97,2,1,2
Mouse10,98,2,0,2
Mouse10,99,2,0,2
Mouse10,100,2,1,2
Mouse10,101,3,0,2
Mouse10,102,3,1,2
Mouse10,103,3,1,2
Mouse10,104,3,1,2
Mouse10,105,3,0,2
Mouse10,106,3,0,2
Mouse10,107,3,1,2
Mouse10,108,3,0,2
Mouse10,109,3,0,2
Mouse10,110,3,1,2
Mouse10,111,3,1,2
Mouse10,112,3,0,2
Mouse10,113,3,0,2
Mouse10,114,3,1,2
Mouse10,115,3,1,2
Mouse10,116,3,1,2
Mouse10,117,3,1,2
Mouse10,118,3,1,2
Mouse10,119,3,1,2
Mouse10,120,3,1,2
Mouse10,121,3,0,2
Mouse10,122,3,0,2
Mouse10,123,3,1,2
Mouse10,124,3,1,2
Mouse10,125,3,1,2
Mouse10,126,3,0,2
Mouse10,127,3,1,2
Mouse10,128,3,0,2
Mouse10,129,3,1,2
Mouse10,130,3,0,2
Mouse10,131,3,1,2
Mouse10,132,3,1,2
Mouse10,133,3,1,2
Mouse10,134,3,1,2
Mouse10,135,3,1,2
Mouse10,136,3,0,2
Mouse10,137,3,1,2
Mouse10,138,3,0,2
Mouse10,139,3,0,2
Mouse10,140,3,1,2
Mouse10,141,3,1,2
Mouse10,142,3,0,2
Mouse10,143,3,0,2
Mouse10,144,3,0,2
Mouse10,145,3,0,2
Mouse10,146,3,0,2
Mouse10,147,3,1,2
Mouse10,148,3,1,2
Mouse10,149,3,1,2
Mouse10,150,3,0,2
Mouse10,151,4,0,2
Mouse10,152,4,0,2
Mouse10,153,4,1,2
Mouse10,154,4,1,2
Mouse10,155,4,1,2
Mouse10,156,4,1,2
Mouse10,157,4,1,2
Mouse10,158,4,1,2
Mouse10,159,4,1,2
Mouse10,160,4,0,2
Mouse10,161,4,0,2
Mouse10,162,4,1,2
Mouse10,163,4,0,2
Mouse10,164,4,1,2
Mouse10,165,4,1,2
Mouse10,166,4,0,2
Mouse10,167,4,1,2
Mouse10,168,4,0,2
Mouse10,169,4,0,2
Mouse10,170,4,1,2
Mouse10,171,4,1,2
Mouse10,172,4,1,2
Mouse10,173,4,0,2
Mouse10,174,4,0,2
Mouse10,175,4,0,2
Mouse10,176,4,0,2
Mouse10,177,4,0,2
Mouse10,178,4,0,2
Mouse10,179,4,0,2
Mouse10,180,4,0,2
Mouse10,181,4,1,2
Mouse10,182,4,0,2
Mouse10,183,4,1,2
Mouse10,184,4,0,2
Mouse10,185,4,0,2
Mouse10,186,4,1,2
Mouse10,187,4,1,2
Mouse10,188,4,1,2
Mouse10,189,4,1,2
Mouse10,190,4,1,2
Mouse10,191,4,1,2
Mouse10,192,4,1,2
Mouse10,193,4,0,2
Mouse10,194,4,0,2
Mouse10,195,4,0,2
Mouse10,196,4,1,2
Mouse10,197,4,1,2
Mouse10,198,4,0,2
Mouse10,199,4,0,2
Mouse10,200,4,0,2
Mouse10,201,5,1,2
Mouse10,202,5,0,2
Mouse10,203,5,0,2
Mouse10,204,5,0,2
Mouse10,205,5,1,2
Mouse10,206,5,1,2
Mouse10,207,5,0,2
Mouse10,208,5,0,2
Mouse10,209,5,1,2
Mouse10,210,5,1,2
Mouse10,211,5,0,2
Mouse10,212,5,1,2
Mouse10,213,5,1,2
Mouse10,214,5,1,2
Mouse10,215,5,1,2
Mouse10,216,5,1,2
Mouse10,217,5,0,2
Mouse10,218,5,0,2
Mouse10,219,5,0,2
Mouse10,220,5,1,2
Mouse10,221,5,0,2
Mouse10,222,5,0,2
Mouse10,223,5,0,2
Mouse10,224,5,1,2
Mouse10,225,5,1,2
Mouse10,226,5,1,2
Mouse10,227,5,0,2
Mouse10,228,5,1,2
Mouse10,229,5,1,2
Mouse10,230,5,1,2
Mouse10,231,5,0,2
Mouse10,232,5,0,2
Mouse10,233,5,0,2
Mouse10,234,5,1,2
Mouse10,235,5,0,2
Mouse10,236,5,1,2
Mouse10,237,5,1,2
Mouse10,238,5,1,2
Mouse10,239,5,1,2
Mouse10,240,5,1,2
Mouse10,241,5,1,2
Mouse10,242,5,0,2
Mouse10,243,5,1,2
Mouse10,244,5,0,2
Mouse10,245,5,1,2
Mouse10,246,5,1,2
Mouse10,247,5,0,2
Mouse10,248,5,1,2
Mouse10,249,5,0,2
Mouse10,250,5,1,2
Mouse10,251,6,1,2
Mouse10,252,6,0,2
Mouse10,253,6,1,2
Mouse10,254,6,1,2
Mouse10,255,6,0,2
Mouse10,256,6,0,2
Mouse10,257,6,1,2
Mouse10,258,6,1,2
Mouse10,259,6,1,2
Mouse10,260,6,1,2
Mouse10,261,6,1,2
Mouse10,262,6,1,2
Mouse10,263,6,1,2
Mouse10,264,6,1,2
Mouse10,265,6,0,2
Mouse10,266,6,0,2
Mouse10,267,6,1,2
Mouse10,268,6,0,2
Mouse10,269,6,0,2
Mouse10,270,6,1,2
Mouse10,271,6,1,2
Mouse10,272,6,1,2
Mouse10,273,6,1,2
Mouse10,274,6,1,2
Mouse10,275,6,0,2
Mouse10,276,6,0,2
Mouse10,277,6,1,2
Mouse10,278,6,1,2
Mouse10,279,6,0,2
Mouse10,280,6,1,2
Mouse10,281,6,1,2
Mouse10,282,6,1,2
Mouse10,283,6,1,2
Mouse10,284,6,1,2
Mouse10,285,6,1,2
Mouse10,286,6,0,2
Mouse10,287,6,0,2
Mouse10,288,6,0,2
Mouse10,289,6,1,2
Mouse10,290,6,1,2
Mouse10,291,6,1,2
Mouse10,292,6,0,2
Mouse10,293,6,1,2
Mouse10,294,6,1,2
Mouse10,295,6,0,2
Mouse10,296,6,1,2
Mouse10,297,6,1,2
Mouse10,298,6,1,2
Mouse10,299,6,1,2
Mouse10,300,6,0,2
Mouse10,301,7,1,2
Mouse10,302,7,0,2
Mouse10,303,7,1,2
Mouse10,304,7,1,2
Mouse10,305,7,1,2
Mouse10,306,7,0,2
Mouse10,307,7,0,2
Mouse10,308,7,1,2
Mouse10,309,7,0,2
Mouse10,310,7,1,2
Mouse10,311,7,1,2
Mouse10,312,7,1,2
Mouse10,313,7,1,2
Mouse10,314,7,1,2
Mouse10,315,7,1,2
Mouse10,316,7,0,2
Mouse10,317,7,1,2
Mouse10,318,7,0,2
Mouse10,319,7,0,2
Mouse10,320,7,0,2
Mouse10,321,7,1,2
Mouse10,322,7,0,2
Mouse10,323,7,1,2
Mouse10,324,7,0,2
Mouse10,325,7,1,2
Mouse10,326,7,0,2
Mouse10,327,7,1,2
Mouse10,328,7,1,2
Mouse10,329,7,0,2
Mouse10,330,7,1,2
Mouse10,331,7,0,2
Mouse10,332,7,0,2
Mouse10,333,7,1,2
Mouse10,334,7,1,2
Mouse10,335,7,0,2
Mouse10,336,7,1,2
Mouse10,337,7,1,2
Mouse10,338,7,1,2
Mouse10,339,7,1,2
Mouse10,340,7,1,2
Mouse10,341,7,0,2
Mouse10,342,7,0,2
Mouse10,343,7,1,2
Mouse10,344,7,0,2
Mouse10,345,7,0,2
Mouse10,346,7,1,2
Mouse10,347,7,1,2
Mouse10,348,7,1,2
Mouse10,349,7,1,2
Mouse10,350,7,0,2
Mouse11,1,1,0,2
Mouse11,2,1,1,2
Mouse11,3,1,1,2
Mouse11,4,1,1,2
Mouse11,5,1,1,2
Mouse11,6,1,1,2
Mouse11,7,1,1,2
Mouse11,8,1,0,2
Mouse11,9,1,1,2
Mouse11,10,1,0,2
Mouse11,11,1,1,2
Mouse11,12,1,1,2
Mouse11,13,1,1,2
Mouse11,14,1,0,2
Mouse11,15,1,0,2
Mouse11,16,1,1,2
Mouse11,17,1,0,2
Mouse11,18,1,0,2
Mouse11,19,1,0,2
Mouse11,20,1,0,2
Mouse11,21,1,0,2
Mouse11,22,1,0,2
Mouse11,23,1,0,2
Mouse11,24,1,0,2
Mouse11,25,1,0,2
Mouse11,26,1,1,2
Mouse11,27,1,1,2
Mouse11,28,1,1,2
Mouse11,29,1,1,2
Mouse11,30,1,0,2
Mouse11,31,1,0,2
Mouse11,32,1,0,2
Mouse11,33,1,1,2
Mouse11,34,1,1,2
Mouse11,35,1,1,2
Mouse11,36,1,1,2
Mouse11,37,1,0,2
Mouse11,38,1,0,2
Mouse11,39,1,0,2
Mouse11,40,1,0,2
Mouse11,41,1,1,2
Mouse11,42,1,0,2
Mouse11,43,1,1,2
Mouse11,44,1,0,2
Mouse11,45,1,0,2
Mouse11,46,1,0,2
Mouse11,47,1,1,2
Mouse11,48,1,1,2
Mouse11,49,1,1,2
Mouse11,50,1,1,2
Mouse11,51,2,1,2
Mouse11,52,2,1,2
Mouse11,53,2,0,2
Mouse11,54,2,0,2
Mouse11,55,2,1,2
Mouse11,56,2,0,2
Mouse11,57,2,1,2
Mouse11,58,2,1,2
Mouse11,59,2,1,2
Mouse11,60,2,0,2
Mouse11,61,2,1,2
Mouse11,62,2,1,2
Mouse11,63,2,1,2
Mouse11,64,2,1,2
Mouse11,65,2,0,2
Mouse11,66,2,0,2
Mouse11,67,2,0,2
Mouse11,68,2,0,2
Mouse11,69,2,0,2
Mouse11,70,2,0,2
Mouse11,71,2,0,2
Mouse11,72,2,0,2
Mouse11,73,2,0,2
Mouse11,74,2,0,2
Mouse11,75,2,1,2
Mouse11,76,2,0,2
Mouse11,77,2,0,2
Mouse11,78,2,0,2
Mouse11,79,2,0,2
Mouse11,80,2,0,2
Mouse11,81,2,1,2
Mouse11,82,2,0,2
Mouse11,83,2,1,2
Mouse11,84,2,0,2
Mouse11,85,2,0,2
Mouse11,86,2,0,2
Mouse11,87,2,0,2
Mouse11,88,2,0,2
Mouse11,89,2,0,2
Mouse11,90,2,1,2
Mouse11,91,2,0,2
Mouse11,92,2,1,2
Mouse11,93,2,1,2
Mouse11,94,2,0,2
Mouse11,95,2,0,2
Mouse11,96,2,0,2
Mouse11,97,2,1,2
Mouse11,98,2,0,2
Mouse11,99,2,1,2
Mouse11,100,2,0,2
Mouse11,101,3,0,2
Mouse11,102,3,1,2
Mouse11,103,3,1,2
Mouse11,104,3,1,2
Mouse11,105,3,1,2
Mouse11,106,3,0,2
Mouse11,107,3,0,2
Mouse11,108,3,0,2
Mouse11,109,3,1,2
Mouse11,110,3,0,2
Mouse11,111,3,1,2
Mouse11,112,3,1,2
Mouse11,113,3,0,2
Mouse11,114,3,0,2
Mouse11,115,3,0,2
Mouse11,116,3,0,2
Mouse11,117,3,0,2
Mouse11,118,3,1,2
Mouse11,119,3,0,2
Mouse11,120,3,0,2
Mouse11,121,3,0,2
Mouse11,122,3,0,2
Mouse11,123,3,0,2
Mouse11,124,3,0,2
Mouse11,125,3,0,2
Mouse11,126,3,0,2
Mouse11,127,3,0,2
Mouse11,128,3,0,2
Mouse11,129,3,1,2
Mouse11,130,3,0,2
Mouse11,131,3,0,2
Mouse11,132,3,0,2
Mouse11,133,3,0,2
Mouse11,134,3,0,2
Mouse11,135,3,1,2
Mouse11,136,3,0,2
Mouse11,137,3,1,2
Mouse11,138,3,1,2
Mouse11,139,3,0,2
Mouse11,140,3,1,2
Mouse11,141,3,0,2
Mouse11,142,3,0,2
Mouse11,143,3,0,2
Mouse11,144,3,1,2
Mouse11,145,3,0,2
Mouse11,146,3,1,2
Mouse11,147,3,1,2
Mouse11,148,3,0,2
Mouse11,149,3,0,2
Mouse11,150,3,1,2
Mouse11,151,4,1,2
Mouse11,152,4,1,2
Mouse11,153,4,1,2
Mouse11,154,4,1,2
Mouse11,155,4,1,2
Mouse11,156,4,1,2
Mouse11,157,4,0,2
Mouse11,158,4,0,2
Mouse11,159,4,1,2
Mouse11,160,4,1,2
Mouse11,161,4,1,2
Mouse11,162,4,0,2
Mouse11,163,4,0,2
Mouse11,164,4,0,2
Mouse11,165,4,1,2
Mouse11,166,4,0,2
Mouse11,167,4,0,2
Mouse11,168,4,0,2
Mouse11,169,4,0,2
Mouse11,170,4,0,2
Mouse11,171,4,0,2
Mouse11,172,4,0,2
Mouse11,173,4,0,2
Mouse11,174,4,0,2
Mouse11,175,4,1,2
Mouse11,176,4,0,2
Mouse11,177,4,0,2
Mouse11,178,4,0,2
Mouse11,179,4,0,2
Mouse11,180,4,1,2
Mouse11,181,4,0,2
Mouse11,182,4,0,2
Mouse11,183,4,0,2
Mouse11,184,4,0,2
Mouse11,185,4,0,2
Mouse11,186,4,1,2
Mouse11,187,4,0,2
Mouse11,188,4,0,2
Mouse11,189,4,0,2
Mouse11,190,4,0,2
Mouse11,191,4,1,2
Mouse11,192,4,0,2
Mouse11,193,4,0,2
Mouse11,194,4,1,2
Mouse11,195,4,0,2
Mouse11,196,4,0,2
Mouse11,197,4,0,2
Mouse11,198,4,0,2
Mouse11,199,4,0,2
Mouse11,200,4,0,2
Mouse11,201,5,0,2
Mouse11,202,5,1,2
Mouse11,203,5,0,2
Mouse11,204,5,0,2
Mouse11,205,5,0,2
Mouse11,206,5,0,2
Mouse11,207,5,0,2
Mouse11,208,5,0,2
Mouse11,209,5,1,2
Mouse11,210,5,1,2
Mouse11,211,5,0,2
Mouse11,212,5,0,2
Mouse11,213,5,0,2
Mouse11,214,5,0,2
Mouse11,215,5,0,2
Mouse11,216,5,0,2
Mouse11,217,5,0,2
Mouse11,218,5,0,2
Mouse11,219,5,1,2
Mouse11,220,5,0,2
Mouse11,221,5,1,2
Mouse11,222,5,0,2
Mouse11,223,5,0,2
Mouse11,224,5,0,2
Mouse11,225,5,0,2
Mouse11,226,5,1,2
Mouse11,227,5,1,2
Mouse11,228,5,1,2
Mouse11,229,5,1,2
Mouse11,230,5,1,2
Mouse11,231,5,1,2
Mouse11,232,5,1,2
Mouse11,233,5,0,2
Mouse11,234,5,0,2
Mouse11,235,5,1,2
Mouse11,236,5,1,2
Mouse11,237,5,1,2
Mouse11,238,5,1,2
Mouse11,239,5,0,2
Mouse11,240,5,1,2
Mouse11,241,5,1,2
Mouse11,242,5,0,2
Mouse11,243,5,1,2
Mouse11,244,5,0,2
Mouse11,245,5,1,2
Mouse11,246,5,1,2
Mouse11,247,5,0,2
Mouse11,248,5,0,2
Mouse11,249,5,0,2
Mouse11,250,5,1,2
Mouse11,251,6,0,2
Mouse11,252,6,0,2
Mouse11,253,6,1,2
Mouse11,254,6,1,2
Mouse11,255,6,1,2
Mouse11,256,6,0,2
Mouse11,257,6,1,2
Mouse11,258,6,0,2
Mouse11,259,6,0,2
Mouse11,260,6,0,2
Mouse11,261,6,0,2
Mouse11,262,6,0,2
Mouse11,263,6,1,2
Mouse11,264,6,1,2
Mouse11,265,6,1,2
Mouse11,266,6,0,2
Mouse11,267,6,0,2
Mouse11,268,6,1,2
Mouse11,269,6,0,2
Mouse11,270,6,0,2
Mouse11,271,6,1,2
Mouse11,272,6,1,2
Mouse11,273,6,1,2
Mouse11,274,6,0,2
Mouse11,275,6,1,2
Mouse11,276,6,1,2
Mouse11,277,6,0,2
Mouse11,278,6,1,2
Mouse11,279,6,1,2
Mouse11,280,6,1,2
Mouse11,281,6,1,2
Mouse11,282,6,1,2
Mouse11,283,6,0,2
Mouse11,284,6,0,2
Mouse11,285,6,0,2
Mouse11,286,6,0,2
Mouse11,287,6,0,2
Mouse11,288,6,0,2
Mouse11,289,6,1,2
Mouse11,290,6,1,2
Mouse11,291,6,1,2
Mouse11,292,6,1,2
Mouse11,293,6,1,2
Mouse11,294,6,0,2
Mouse11,295,6,0,2
Mouse11,296,6,0,2
Mouse11,297,6,1,2
Mouse11,298,6,0,2
Mouse11,299,6,0,2
Mouse11,300,6,1,2
Mouse11,301,7,1,2
Mouse11,302,7,1,2
Mouse11,303,7,0,2
Mouse11,304,7,1,2
Mouse11,305,7,1,2
Mouse11,306,7,1,2
Mouse11,307,7,1,2
Mouse11,308,7,0,2
Mouse11,309,7,1,2
Mouse11,310,7,0,2
Mouse11,311,7,1,2
Mouse11,312,7,1,2
Mouse11,313,7,0,2
Mouse11,314,7,0,2
Mouse11,315,7,0,2
Mouse11,316,7,1,2
Mouse11,317,7,1,2
Mouse11,318,7,1,2
Mouse11,319,7,0,2
Mouse11,320,7,0,2
Mouse11,321,7,0,2
Mouse11,322,7,0,2
Mouse11,323,7,0,2
Mouse11,324,7,1,2
Mouse11,325,7,1,2
Mouse11,326,7,1,2
Mouse11,327,7,1,2
Mouse11,328,7,1,2
Mouse11,329,7,1,2
Mouse11,330,7,1,2
Mouse11,331,7,0,2
Mouse11,332,7,0,2
Mouse11,333,7,1,2
Mouse11,334,7,1,2
Mouse11,335,7,0,2
Mouse11,336,7,0,2
Mouse11,337,7,0,2
Mouse11,338,7,1,2
Mouse11,339,7,0,2
Mouse11,340,7,1,2
Mouse11,341,7,0,2
Mouse11,342,7,0,2
Mouse11,343,7,1,2
Mouse11,344,7,0,2
Mouse11,345,7,1,2
Mouse11,346,7,1,2
Mouse11,347,7,0,2
Mouse11,348,7,0,2
Mouse11,349,7,0,2
Mouse11,350,7,1,2
Mouse12,1,1,1,2
Mouse12,2,1,1,2
Mouse12,3,1,1,2
Mouse12,4,1,1,2
Mouse12,5,1,1,2
Mouse12,6,1,1,2
Mouse12,7,1,1,2
Mouse12,8,1,0,2
Mouse12,9,1,0,2
Mouse12,10,1,0,2
Mouse12,11,1,0,2
Mouse12,12,1,0,2
Mouse12,13,1,0,2
Mouse12,14,1,1,2
Mouse12,15,1,0,2
Mouse12,16,1,0,2
Mouse12,17,1,0,2
Mouse12,18,1,0,2
Mouse12,19,1,1,2
Mouse12,20,1,0,2
Mouse12,21,1,1,2
Mouse12,22,1,0,2
Mouse12,23,1,0,2
Mouse12,24,1,0,2
Mouse12,25,1,0,2
Mouse12,26,1,0,2
Mouse12,27,1,0,2
Mouse12,28,1,1,2
Mouse12,29,1,0,2
Mouse12,30,1,0,2
Mouse12,31,1,1,2
Mouse12,32,1,0,2
Mouse12,33,1,0,2
Mouse12,34,1,1,2
Mouse12,35,1,0,2
Mouse12,36,1,0,2
Mouse12,37,1,0,2
Mouse12,38,1,0,2
Mouse12,39,1,0,2
Mouse12,40,1,1,2
Mouse12,41,1,1,2
Mouse12,42,1,0,2
Mouse12,43,1,0,2
Mouse12,44,1,0,2
Mouse12,45,1,0,2
Mouse12,46,1,0,2
Mouse12,47,1,0,2
Mouse12,48,1,0,2
Mouse12,49,1,0,2
Mouse12,50,1,0,2
Mouse12,51,2,0,2
Mouse12,52,2,1,2
Mouse12,53,2,0,2
Mouse12,54,2,0,2
Mouse12,55,2,0,2
Mouse12,56,2,1,2
Mouse12,57,2,0,2
Mouse12,58,2,0,2
Mouse12,59,2,0,2
Mouse12,60,2,1,2
Mouse12,61,2,0,2
Mouse12,62,2,1,2
Mouse12,63,2,0,2
Mouse12,64,2,1,2
Mouse12,65,2,1,2
Mouse12,66,2,1,2
Mouse12,67,2,0,2
Mouse12,68,2,1,2
Mouse12,69,2,0,2
Mouse12,70,2,1,2
Mouse12,71,2,0,2
Mouse12,72,2,0,2
Mouse12,73,2,1,2
Mouse12,74,2,0,2
Mouse12,75,2,0,2
Mouse12,76,2,0,2
Mouse12,77,2,0,2
Mouse12,78,2,0,2
Mouse12,79,2,0,2
Mouse12,80,2,1,2
Mouse12,81,2,0,2
Mouse12,82,2,1,2
Mouse12,83,2,0,2
Mouse12,84,2,0,2
Mouse12,85,2,0,2
Mouse12,86,2,0,2
Mouse12,87,2,0,2
Mouse12,88,2,0,2
Mouse12,89,2,1,2
Mouse12,90,2,0,2
Mouse12,91,2,0,2
Mouse12,92,2,0,2
Mouse12,93,2,1,2
Mouse12,94,2,0,2
Mouse12,95,2,0,2
Mouse12,96,2,0,2
Mouse12,97,2,0,2
Mouse12,98,2,1,2
Mouse12,99,2,1,2
Mouse12,100,2,0,2
Mouse12,101,3,1,2
Mouse12,102,3,0,2
Mouse12,103,3,0,2
Mouse12,104,3,0,2
Mouse12,105,3,0,2
Mouse12,106,3,1,2
Mouse12,107,3,1,2
Mouse12,108,3,1,2
Mouse12,109,3,0,2
Mouse12,110,3,0,2
Mouse12,111,3,0,2
Mouse12,112,3,0,2
Mouse12,113,3,1,2
Mouse12,114,3,0,2
Mouse12,115,3,1,2
Mouse12,116,3,1,2
Mouse12,117,3,1,2
Mouse12,118,3,1,2
Mouse12,119,3,1,2
Mouse12,120,3,1,2
Mouse12,121,3,0,2
Mouse12,122,3,0,2
Mouse12,123,3,1,2
Mouse12,124,3,1,2
Mouse12,125,3,1,2
Mouse12,126,3,0,2
Mouse12,127,3,0,2
Mouse12,128,3,0,2
Mouse12,129,3,1,2
Mouse12,130,3,0,2
Mouse12,131,3,0,2
Mouse12,132,3,0,2
Mouse12,133,3,0,2
Mouse12,134,3,1,2
Mouse12,135,3,1,2
Mouse12,136,3,1,2
Mouse12,137,3,0,2
Mouse12,138,3,1,2
Mouse12,139,3,1,2
Mouse12,140,3,1,2
Mouse12,141,3,1,2
Mouse12,142,3,0,2
Mouse12,143,3,1,2
Mouse12,144,3,1,2
Mouse12,145,3,0,2
Mouse12,146,3,1,2
Mouse12,147,3,1,2
Mouse12,148,3,1,2
Mouse12,149,3,0,2
Mouse12,150,3,0,2
Mouse12,151,4,0,2
Mouse12,152,4,0,2
Mouse12,153,4,1,2
Mouse12,154,4,0,2
Mouse12,155,4,0,2
Mouse12,156,4,0,2
Mouse12,157,4,0,2
Mouse12,158,4,1,2
Mouse12,159,4,0,2
Mouse12,160,4,1,2
Mouse12,161,4,1,2
Mouse12,162,4,0,2
Mouse12,163,4,1,2
Mouse12,164,4,0,2
Mouse12,165,4,1,2
Mouse12,166,4,1,2
Mouse12,167,4,0,2
Mouse12,168,4,1,2
Mouse12,169,4,0,2
Mouse12,170,4,0,2
Mouse12,171,4,0,2
Mouse12,172,4,0,2
Mouse12,173,4,1,2
Mouse12,174,4,1,2
Mouse12,175,4,0,2
Mouse12,176,4,1,2
Mouse12,177,4,0,2
Mouse12,178,4,0,2
Mouse12,179,4,1,2
Mouse12,180,4,0,2
Mouse12,181,4,0,2
Mouse12,182,4,1,2
Mouse12,183,4,1,2
Mouse12,184,4,0,2
Mouse12,185,4,0,2
Mouse12,186,4,1,2
Mouse12,187,4,0,2
Mouse12,188,4,1,2
Mouse12,189,4,1,2
Mouse12,190,4,0,2
Mouse12,191,4,1,2
Mouse12,192,4,1,2
Mouse12,193,4,1,2
Mouse12,194,4,1,2
Mouse12,195,4,1,2
Mouse12,196,4,0,2
Mouse12,197,4,0,2
Mouse12,198,4,1,2
Mouse12,199,4,1,2
Mouse12,200,4,1,2
Mouse12,201,5,0,2
Mouse12,202,5,0,2
Mouse12,203,5,1,2
Mouse12,204,5,1,2
Mouse12,205,5,0,2
Mouse12,206,5,0,2
Mouse12,207,5,1,2
Mouse12,208,5,0,2
Mouse12,209,5,0,2
Mouse12,210,5,1,2
Mouse12,211,5,1,2
Mouse12,212,5,0,2
Mouse12,213,5,1,2
Mouse12,214,5,1,2
Mouse12,215,5,1,2
Mouse12,216,5,1,2
Mouse12,217,5,1,2
Mouse12,218,5,0,2
Mouse12,219,5,1,2
Mouse12,220,5,0,2
Mouse12,221,5,0,2
Mouse12,222,5,0,2
Mouse12,223,5,1,2
Mouse12,224,5,0,2
Mouse12,225,5,0,2
Mouse12,226,5,0,2
Mouse12,227,5,1,2
Mouse12,228,5,1,2
Mouse12,229,5,1,2
Mouse12,230,5,1,2
Mouse12,231,5,1,2
Mouse12,232,5,1,2
Mouse12,233,5,1,2
Mouse12,234,5,0,2
Mouse12,235,5,1,2
Mouse12,236,5,0,2
Mouse12,237,5,1,2
Mouse12,238,5,0,2
Mouse12,239,5,0,2
Mouse12,240,5,1,2
Mouse12,241,5,0,2
Mouse12,242,5,1,2
Mouse12,243,5,1,2
Mouse12,244,5,0,2
Mouse12,245,5,0,2
Mouse12,246,5,0,2
Mouse12,247,5,1,2
Mouse12,248,5,1,2
Mouse12,249,5,1,2
Mouse12,250,5,0,2
Mouse12,251,6,0,2
Mouse12,252,6,0,2
Mouse12,253,6,1,2
Mouse12,254,6,1,2
Mouse12,255,6,0,2
Mouse12,256,6,1,2
Mouse12,257,6,0,2
Mouse12,258,6,1,2
Mouse12,259,6,0,2
Mouse12,260,6,0,2
Mouse12,261,6,1,2
Mouse12,262,6,0,2
Mouse12,263,6,0,2
Mouse12,264,6,0,2
Mouse12,265,6,1,2
Mouse12,266,6,0,2
Mouse12,267,6,1,2
Mouse12,268,6,1,2
Mouse12,269,6,1,2
Mouse12,270,6,0,2
Mouse12,271,6,1,2
Mouse12,272,6,1,2
Mouse12,273,6,0,2
Mouse12,274,6,1,2
Mouse12,275,6,0,2
Mouse12,276,6,0,2
Mouse12,277,6,1,2
Mouse12,278,6,0,2
Mouse12,279,6,0,2
Mouse12,280,6,0,2
Mouse12,281,6,0,2
Mouse12,282,6,1,2
Mouse12,283,6,0,2
Mouse12,284,6,1,2
Mouse12,285,6,0,2
Mouse12,286,6,1,2
Mouse12,287,6,1,2
Mouse12,288,6,0,2
Mouse12,289,6,0,2
Mouse12,290,6,1,2
Mouse12,291,6,1,2
Mouse12,292,6,1,2
Mouse12,293,6,0,2
Mouse12,294,6,1,2
Mouse12,295,6,1,2
Mouse12,296,6,1,2
Mouse12,297,6,0,2
Mouse12,298,6,1,2
Mouse12,299,6,1,2
Mouse12,300,6,0,2
Mouse12,301,7,0,2
Mouse12,302,7,1,2
Mouse12,303,7,1,2
Mouse12,304,7,0,2
Mouse12,305,7,0,2
Mouse12,306,7,1,2
Mouse12,307,7,1,2
Mouse12,308,7,0,2
Mouse12,309,7,1,2
Mouse12,310,7,1,2
Mouse12,311,7,1,2
Mouse12,312,7,1,2
Mouse12,313,7,1,2
Mouse12,314,7,0,2
Mouse12,315,7,0,2
Mouse12,316,7,0,2
Mouse12,317,7,0,2
Mouse12,318,7,0,2
Mouse12,319,7,1,2
Mouse12,320,7,1,2
Mouse12,321,7,0,2
Mouse12,322,7,0,2
Mouse12,323,7,1,2
Mouse12,324,7,1,2
Mouse12,325,7,0,2
Mouse12,326,7,0,2
Mouse12,327,7,1,2
Mouse12,328,7,1,2
Mouse12,329,7,0,2
Mouse12,330,7,1,2
Mouse12,331,7,1,2
Mouse12,332,7,0,2
Mouse12,333,7,0,2
Mouse12,334,7,1,2
Mouse12,335,7,1,2
Mouse12,336,7,1,2
Mouse12,337,7,1,2
Mouse12,338,7,1,2
Mouse12,339,7,1,2
Mouse12,340,7,1,2
Mouse12,341,7,0,2
Mouse12,342,7,0,2
Mouse12,343,7,0,2
Mouse12,344,7,0,2
Mouse12,345,7,1,2
Mouse12,346,7,1,2
Mouse12,347,7,0,2
Mouse12,348,7,0,2
Mouse12,349,7,1,2
Mouse12,350,7,0,2
Mouse13,1,1,1,2
Mouse13,2,1,1,2
Mouse13,3,1,1,2
Mouse13,4,1,1,2
Mouse13,5,1,0,2
Mouse13,6,1,1,2
Mouse13,7,1,0,2
Mouse13,8,1,1,2
Mouse13,9,1,0,2
Mouse13,10,1,0,2
Mouse13,11,1,0,2
Mouse13,12,1,0,2
Mouse13,13,1,1,2
Mouse13,14,1,1,2
Mouse13,15,1,1,2
Mouse13,16,1,1,2
Mouse13,17,1,1,2
Mouse13,18,1,1,2
Mouse13,19,1,1,2
Mouse13,20,1,1,2
Mouse13,21,1,0,2
Mouse13,22,1,0,2
Mouse13,23,1,0,2
Mouse13,24,1,0,2
Mouse13,25,1,0,2
Mouse13,26,1,0,2
Mouse13,27,1,0,2
Mouse13,28,1,0,2
Mouse13,29,1,1,2
Mouse13,30,1,0,2
Mouse13,31,1,0,2
Mouse13,32,1,1,2
Mouse13,33,1,1,2
Mouse13,34,1,1,2
Mouse13,35,1,0,2
Mouse13,36,1,0,2
Mouse13,37,1,0,2
Mouse13,38,1,0,2
Mouse13,39,1,1,2
Mouse13,40,1,1,2
Mouse13,41,1,0,2
Mouse13,42,1,1,2
Mouse13,43,1,0,2
Mouse13,44,1,0,2
Mouse13,45,1,0,2
Mouse13,46,1,1,2
Mouse13,47,1,1,2
Mouse13,48,1,1,2
Mouse13,49,1,1,2
Mouse13,50,1,0,2
Mouse13,51,2,0,2
Mouse13,52,2,0,2
Mouse13,53,2,0,2
Mouse13,54,2,0,2
Mouse13,55,2,1,2
Mouse13,56,2,1,2
Mouse13,57,2,1,2
Mouse13,58,2,1,2
Mouse13,59,2,0,2
Mouse13,60,2,1,2
Mouse13,61,2,1,2
Mouse13,62,2,0,2
Mouse13,63,2,1,2
Mouse13,64,2,0,2
Mouse13,65,2,1,2
Mouse13,66,2,1,2
Mouse13,67,2,0,2
Mouse13,68,2,0,2
Mouse13,69,2,0,2
Mouse13,70,2,0,2
Mouse13,71,2,1,2
Mouse13,72,2,1,2
Mouse13,73,2,0,2
Mouse13,74,2,1,2
Mouse13,75,2,0,2
Mouse13,76,2,1,2
Mouse13,77,2,1,2
Mouse13,78,2,0,2
Mouse13,79,2,0,2
Mouse13,80,2,0,2
Mouse13,81,2,1,2
Mouse13,82,2,1,2
Mouse13,83,2,0,2
Mouse13,84,2,0,2
Mouse13,85,2,1,2
Mouse13,86,2,0,2
Mouse13,87,2,0,2
Mouse13,88,2,0,2
Mouse13,89,2,1,2
Mouse13,90,2,0,2
Mouse13,91,2,1,2
Mouse13,92,2,0,2
Mouse13,93,2,0,2
Mouse13,94,2,0,2
Mouse13,95,2,1,2
Mouse13,96,2,0,2
Mouse13,97,2,1,2
Mouse13,98,2,1,2
Mouse13,99,2,1,2
Mouse13,100,2,0,2
Mouse13,101,3,1,2
Mouse13,102,3,0,2
Mouse13,103,3,1,2
Mouse13,104,3,1,2
Mouse13,105,3,0,2
Mouse13,106,3,0,2
Mouse13,107,3,1,2
Mouse13,108,3,0,2
Mouse13,109,3,1,2
Mouse13,110,3,1,2
Mouse13,111,3,1,2
Mouse13,112,3,1,2
Mouse13,113,3,1,2
Mouse13,114,3,1,2
Mouse13,115,3,0,2
Mouse13,116,3,1,2
Mouse13,117,3,0,2
Mouse13,118,3,0,2
Mouse13,119,3,0,2
Mouse13,120,3,1,2
Mouse13,121,3,0,2
Mouse13,122,3,0,2
Mouse13,123,3,0,2
Mouse13,124,3,1,2
Mouse13,125,3,1,2
Mouse13,126,3,0,2
Mouse13,127,3,0,2
Mouse13,128,3,0,2
Mouse13,129,3,1,2
Mouse13,130,3,1,2
Mouse13,131,3,0,2
Mouse13,132,3,0,2
Mouse13,133,3,0,2
Mouse13,134,3,0,2
Mouse13,135,3,0,2
Mouse13,136,3,0,2
Mouse13,137,3,0,2
Mouse13,138,3,1,2
Mouse13,139,3,1,2
Mouse13,140,3,0,2
Mouse13,141,3,1,2
Mouse13,142,3,1,2
Mouse13,143,3,0,2
Mouse13,144,3,1,2
Mouse13,145,3,1,2
Mouse13,146,3,1,2
Mouse13,147,3,0,2
Mouse13,148,3,0,2
Mouse13,149,3,1,2
Mouse13,150,3,1,2
Mouse13,151,4,1,2
Mouse13,152,4,1,2
Mouse13,153,4,1,2
Mouse13,154,4,0,2
Mouse13,155,4,0,2
Mouse13,156,4,0,2
Mouse13,157,4,1,2
Mouse13,158,4,0,2
Mouse13,159,4,0,2
Mouse13,160,4,1,2
Mouse13,161,4,1,2
Mouse13,162,4,0,2
Mouse13,163,4,1,2
Mouse13,164,4,0,2
Mouse13,165,4,0,2
Mouse13,166,4,0,2
Mouse13,167,4,1,2
Mouse13,168,4,1,2
Mouse13,169,4,1,2
Mouse13,170,4,1,2
Mouse13,171,4,1,2
Mouse13,172,4,1,2
Mouse13,173,4,1,2
Mouse13,174,4,0,2
Mouse13,175,4,1,2
Mouse13,176,4,0,2
Mouse13,177,4,1,2
Mouse13,178,4,0,2
Mouse13,179,4,1,2
Mouse13,180,4,1,2
Mouse13,181,4,1,2
Mouse13,182,4,0,2
Mouse13,183,4,0,2
Mouse13,184,4,1,2
Mouse13,185,4,1,2
Mouse13,186,4,1,2
Mouse13,187,4,0,2
Mouse13,188,4,1,2
Mouse13,189,4,1,2
Mouse13,190,4,1,2
Mouse13,191,4,0,2
Mouse13,192,4,0,2
Mouse13,193,4,1,2
Mouse13,194,4,1,2
Mouse13,195,4,1,2
Mouse13,196,4,0,2
Mouse13,197,4,1,2
Mouse13,198,4,1,2
Mouse13,199,4,1,2
Mouse13,200,4,0,2
Mouse13,201,5,1,2
Mouse13,202,5,0,2
Mouse13,203,5,1,2
Mouse13,204,5,0,2
Mouse13,205,5,1,2
Mouse13,206,5,0,2
Mouse13,207,5,0,2
Mouse13,208,5,0,2
Mouse13,209,5,0,2
Mouse13,210,5,1,2
Mouse13,211,5,1,2
Mouse13,212,5,0,2
Mouse13,213,5,1,2
Mouse13,214,5,1,2
Mouse13,215,5,1,2
Mouse13,216,5,1,2
Mouse13,217,5,1,2
Mouse13,218,5,0,2
Mouse13,219,5,0,2
Mouse13,220,5,1,2
Mouse13,221,5,1,2
Mouse13,222,5,0,2
Mouse13,223,5,0,2
Mouse13,224,5,1,2
Mouse13,225,5,0,2
Mouse13,226,5,0,2
Mouse13,227,5,1,2
Mouse13,228,5,0,2
Mouse13,229,5,0,2
Mouse13,230,5,0,2
Mouse13,231,5,0,2
Mouse13,232,5,1,2
Mouse13,233,5,1,2
Mouse13,234,5,1,2
Mouse13,235,5,0,2
Mouse13,236,5,0,2
Mouse13,237,5,1,2
Mouse13,238,5,1,2
Mouse13,239,5,1,2
Mouse13,240,5,1,2
Mouse13,241,5,1,2
Mouse13,242,5,0,2
Mouse13,243,5,1,2
Mouse13,244,5,1,2
Mouse13,245,5,1,2
Mouse13,246,5,0,2
Mouse13,247,5,1,2
Mouse13,248,5,1,2
Mouse13,249,5,1,2
Mouse13,250,5,0,2
Mouse13,251,6,0,2
Mouse13,252,6,0,2
Mouse13,253,6,1,2
Mouse13,254,6,1,2
Mouse13,255,6,1,2
Mouse13,256,6,0,2
Mouse13,257,6,1,2
Mouse13,258,6,1,2
Mouse13,259,6,0,2
Mouse13,260,6,1,2
Mouse13,261,6,1,2
Mouse13,262,6,1,2
Mouse13,263,6,1,2
Mouse13,264,6,1,2
Mouse13,265,6,0,2
Mouse13,266,6,1,2
Mouse13,267,6,0,2
Mouse13,268,6,0,2
Mouse13,269,6,0,2
Mouse13,270,6,0,2
Mouse13,271,6,1,2
Mouse13,272,6,1,2
Mouse13,273,6,1,2
Mouse13,274,6,1,2
Mouse13,275,6,1,2
Mouse13,276,6,1,2
Mouse13,277,6,1,2
Mouse13,278,6,0,2
Mouse13,279,6,0,2
Mouse13,280,6,1,2
Mouse13,281,6,0,2
Mouse13,282,6,0,2
Mouse13,283,6,0,2
Mouse13,284,6,0,2
Mouse13,285,6,0,2
Mouse13,286,6,1,2
Mouse13,287,6,1,2
Mouse13,288,6,1,2
Mouse13,289,6,1,2
Mouse13,290,6,1,2
Mouse13,291,6,1,2
Mouse13,292,6,1,2
Mouse13,293,6,0,2
Mouse13,294,6,1,2
Mouse13,295,6,0,2
Mouse13,296,6,0,2
Mouse13,297,6,0,2
Mouse13,298,6,1,2
Mouse13,299,6,0,2
Mouse13,300,6,1,2
Mouse13,301,7,1,2
Mouse13,302,7,0,2
Mouse13,303,7,1,2
Mouse13,304,7,1,2
Mouse13,305,7,1,2
Mouse13,306,7,0,2
Mouse13,307,7,0,2
Mouse13,308,7,1,2
Mouse13,309,7,0,2
Mouse13,310,7,0,2
Mouse13,311,7,1,2
Mouse13,312,7,0,2
Mouse13,313,7,0,2
Mouse13,314,7,0,2
Mouse13,315,7,1,2
Mouse13,316,7,0,2
Mouse13,317,7,0,2
Mouse13,318,7,1,2
Mouse13,319,7,0,2
Mouse13,320,7,0,2
Mouse13,321,7,1,2
Mouse13,322,7,1,2
Mouse13,323,7,1,2
Mouse13,324,7,0,2
Mouse13,325,7,1,2
Mouse13,326,7,1,2
Mouse13,327,7,1,2
Mouse13,328,7,1,2
Mouse13,329,7,0,2
Mouse13,330,7,0,2
Mouse13,331,7,1,2
Mouse13,332,7,1,2
Mouse13,333,7,1,2
Mouse13,334,7,0,2
Mouse13,335,7,1,2
Mouse13,336,7,1,2
Mouse13,337,7,0,2
Mouse13,338,7,0,2
Mouse13,339,7,1,2
Mouse13,340,7,1,2
Mouse13,341,7,0,2
Mouse13,342,7,0,2
Mouse13,343,7,1,2
Mouse13,344,7,1,2
Mouse13,345,7,0,2
Mouse13,346,7,1,2
Mouse13,347,7,1,2
Mouse13,348,7,1,2
Mouse13,349,7,0,2
Mouse13,350,7,0,2
Mouse14,1,1,1,2
Mouse14,2,1,0,2
Mouse14,3,1,1,2
Mouse14,4,1,0,2
Mouse14,5,1,1,2
Mouse14,6,1,1,2
Mouse14,7,1,1,2
Mouse14,8,1,1,2
Mouse14,9,1,1,2
Mouse14,10,1,1,2
Mouse14,11,1,0,2
Mouse14,12,1,1,2
Mouse14,13,1,0,2
Mouse14,14,1,1,2
Mouse14,15,1,0,2
Mouse14,16,1,1,2
Mouse14,17,1,0,2
Mouse14,18,1,0,2
Mouse14,19,1,0,2
Mouse14,20,1,0,2
Mouse14,21,1,0,2
Mouse14,22,1,0,2
Mouse14,23,1,0,2
Mouse14,24,1,0,2
Mouse14,25,1,0,2
Mouse14,26,1,1,2
Mouse14,27,1,1,2
Mouse14,28,1,0,2
Mouse14,29,1,0,2
Mouse14,30,1,0,2
Mouse14,31,1,0,2
Mouse14,32,1,0,2
Mouse14,33,1,1,2
Mouse14,34,1,0,2
Mouse14,35,1,0,2
Mouse14,36,1,1,2
Mouse14,37,1,1,2
Mouse14,38,1,0,2
Mouse14,39,1,1,2
Mouse14,40,1,1,2
Mouse14,41,1,1,2
Mouse14,42,1,1,2
Mouse14,43,1,1,2
Mouse14,44,1,1,2
Mouse14,45,1,1,2
Mouse14,46,1,0,2
Mouse14,47,1,0,2
Mouse14,48,1,0,2
Mouse14,49,1,0,2
Mouse14,50,1,1,2
Mouse14,51,2,0,2
Mouse14,52,2,1,2
Mouse14,53,2,0,2
Mouse14,54,2,1,2
Mouse14,55,2,0,2
Mouse14,56,2,0,2
Mouse14,57,2,1,2
Mouse14,58,2,1,2
Mouse14,59,2,1,2
Mouse14,60,2,0,2
Mouse14,61,2,1,2
Mouse14,62,2,0,2
Mouse14,63,2,1,2
Mouse14,64,2,1,2
Mouse14,65,2,0,2
Mouse14,66,2,1,2
Mouse14,67,2,1,2
Mouse14,68,2,0,2
Mouse14,69,2,1,2
Mouse14,70,2,1,2
Mouse14,71,2,1,2
Mouse14,72,2,0,2
Mouse14,73,2,0,2
Mouse14,74,2,0,2
Mouse14,75,2,0,2
Mouse14,76,2,1,2
Mouse14,77,2,1,2
Mouse14,78,2,0,2
Mouse14,79,2,0,2
Mouse14,80,2,0,2
Mouse14,81,2,1,2
Mouse14,82,2,0,2
Mouse14,83,2,0,2
Mouse14,84,2,1,2
Mouse14,85,2,0,2
Mouse14,86,2,1,2
Mouse14,87,2,1,2
Mouse14,88,2,1,2
Mouse14,89,2,1,2
Mouse14,90,2,0,2
Mouse14,91,2,0,2
Mouse14,92,2,0,2
Mouse14,93,2,0,2
Mouse14,94,2,1,2
Mouse14,95,2,1,2
Mouse14,96,2,0,2
Mouse14,97,2,1,2
Mouse14,98,2,1,2
Mouse14,99,2,0,2
Mouse14,100,2,1,2
Mouse14,101,3,1,2
Mouse14,102,3,1,2
Mouse14,103,3,1,2
Mouse14,104,3,0,2
Mouse14,105,3,0,2
Mouse14,106,3,1,2
Mouse14,107,3,0,2
Mouse14,108,3,0,2
Mouse14,109,3,0,2
Mouse14,110,3,0,2
Mouse14,111,3,1,2
Mouse14,112,3,0,2
Mouse14,113,3,1,2
Mouse14,114,3,0,2
Mouse14,115,3,1,2
Mouse14,116,3,0,2
Mouse14,117,3,0,2
Mouse14,118,3,0,2
Mouse14,119,3,1,2
Mouse14,120,3,1,2
Mouse14,121,3,1,2
Mouse14,122,3,1,2
Mouse14,123,3,1,2
Mouse14,124,3,1,2
Mouse14,125,3,1,2
Mouse14,126,3,1,2
Mouse14,127,3,0,2
Mouse14,128,3,0,2
Mouse14,129,3,0,2
Mouse14,130,3,0,2
Mouse14,131,3,0,2
Mouse14,132,3,0,2
Mouse14,133,3,0,2
Mouse14,134,3,0,2
Mouse14,135,3,0,2
Mouse14,136,3,0,2
Mouse14,137,3,0,2
Mouse14,138,3,0,2
Mouse14,139,3,0,2
Mouse14,140,3,0,2
Mouse14,141,3,1,2
Mouse14,142,3,1,2
Mouse14,143,3,0,2
Mouse14,144,3,0,2
Mouse14,145,3,0,2
Mouse14,146,3,1,2
Mouse14,147,3,1,2
Mouse14,148,3,0,2
Mouse14,149,3,0,2
Mouse14,150,3,0,2
Mouse14,151,4,1,2
Mouse14,152,4,1,2
Mouse14,153,4,0,2
Mouse14,154,4,0,2
Mouse14,155,4,1,2
Mouse14,156,4,0,2
Mouse14,157,4,1,2
Mouse14,158,4,0,2
Mouse14,159,4,0,2
Mouse14,160,4,1,2
Mouse14,161,4,0,2
Mouse14,162,4,0,2
Mouse14,163,4,1,2
Mouse14,164,4,0,2
Mouse14,165,4,0,2
Mouse14,166,4,0,2
Mouse14,167,4,1,2
Mouse14,168,4,0,2
Mouse14,169,4,0,2
Mouse14,170,4,1,2
Mouse14,171,4,1,2
Mouse14,172,4,0,2
Mouse14,173,4,1,2
Mouse14,174,4,0,2
Mouse14,175,4,0,2
Mouse14,176,4,0,2
Mouse14,177,4,1,2
Mouse14,178,4,1,2
Mouse14,179,4,0,2
Mouse14,180,4,0,2
Mouse14,181,4,0,2
Mouse14,182,4,0,2
Mouse14,183,4,0,2
Mouse14,184,4,1,2
Mouse14,185,4,0,2
Mouse14,186,4,0,2
Mouse14,187,4,0,2
Mouse14,188,4,1,2
Mouse14,189,4,1,2
Mouse14,190,4,0,2
Mouse14,191,4,0,2
Mouse14,192,4,0,2
Mouse14,193,4,0,2
Mouse14,194,4,1,2
Mouse14,195,4,0,2
Mouse14,196,4,0,2
Mouse14,197,4,0,2
Mouse14,198,4,1,2
Mouse14,199,4,0,2
Mouse14,200,4,1,2
Mouse14,201,5,0,2
Mouse14,202,5,1,2
Mouse14,203,5,0,2
Mouse14,204,5,1,2
Mouse14,205,5,0,2
Mouse14,206,5,1,2
Mouse14,207,5,0,2
Mouse14,208,5,1,2
Mouse14,209,5,1,2
Mouse14,210,5,0,2
Mouse14,211,5,0,2
Mouse14,212,5,1,2
Mouse14,213,5,0,2
Mouse14,214,5,0,2
Mouse14,215,5,0,2
Mouse14,216,5,0,2
Mouse14,217,5,1,2
Mouse14,218,5,1,2
Mouse14,219,5,0,2
Mouse14,220,5,1,2
Mouse14,221,5,1,2
Mouse14,222,5,1,2
Mouse14,223,5,0,2
Mouse14,224,5,1,2
Mouse14,225,5,0,2
Mouse14,226,5,0,2
Mouse14,227,5,0,2
Mouse14,228,5,0,2
Mouse14,229,5,1,2
Mouse14,230,5,0,2
Mouse14,231,5,0,2
Mouse14,232,5,1,2
Mouse14,233,5,1,2
Mouse14,234,5,1,2
Mouse14,235,5,1,2
Mouse14,236,5,1,2
Mouse14,237,5,1,2
Mouse14,238,5,0,2
Mouse14,239,5,1,2
Mouse14,240,5,0,2
Mouse14,241,5,0,2
Mouse14,242,5,0,2
Mouse14,243,5,0,2
Mouse14,244,5,0,2
Mouse14,245,5,1,2
Mouse14,246,5,0,2
Mouse14,247,5,1,2
Mouse14,248,5,1,2
Mouse14,249,5,1,2
Mouse14,250,5,1,2
Mouse14,251,6,0,2
Mouse14,252,6,0,2
Mouse14,253,6,1,2
Mouse14,254,6,1,2
Mouse14,255,6,1,2
Mouse14,256,6,1,2
Mouse14,257,6,0,2
Mouse14,258,6,1,2
Mouse14,259,6,1,2
Mouse14,260,6,0,2
Mouse14,261,6,0,2
Mouse14,262,6,0,2
Mouse14,263,6,0,2
Mouse14,264,6,1,2
Mouse14,265,6,1,2
Mouse14,266,6,1,2
Mouse14,267,6,1,2
Mouse14,268,6,1,2
Mouse14,269,6,1,2
Mouse14,270,6,1,2
Mouse14,271,6,1,2
Mouse14,272,6,0,2
Mouse14,273,6,0,2
Mouse14,274,6,0,2
Mouse14,275,6,0,2
Mouse14,276,6,0,2
Mouse14,277,6,0,2
Mouse14,278,6,0,2
Mouse14,279,6,0,2
Mouse14,280,6,1,2
Mouse14,281,6,0,2
Mouse14,282,6,0,2
Mouse14,283,6,0,2
Mouse14,284,6,0,2
Mouse14,285,6,1,2
Mouse14,286,6,0,2
Mouse14,287,6,1,2
Mouse14,288,6,1,2
Mouse14,289,6,1,2
Mouse14,290,6,1,2
Mouse14,291,6,1,2
Mouse14,292,6,1,2
Mouse14,293,6,1,2
Mouse14,294,6,0,2
Mouse14,295,6,1,2
Mouse14,296,6,0,2
Mouse14,297,6,0,2
Mouse14,298,6,0,2
Mouse14,299,6,0,2
Mouse14,300,6,0,2
Mouse14,301,7,0,2
Mouse14,302,7,0,2
Mouse14,303,7,0,2
Mouse14,304,7,1,2
Mouse14,305,7,0,2
Mouse14,306,7,1,2
Mouse14,307,7,1,2
Mouse14,308,7,0,2
Mouse14,309,7,1,2
Mouse14,310,7,1,2
Mouse14,311,7,1,2
Mouse14,312,7,1,2
Mouse14,313,7,0,2
Mouse14,314,7,1,2
Mouse14,315,7,1,2
Mouse14,316,7,1,2
Mouse14,317,7,0,2
Mouse14,318,7,0,2
Mouse14,319,7,1,2
Mouse14,320,7,0,2
Mouse14,321,7,0,2
Mouse14,322,7,1,2
Mouse14,323,7,0,2
Mouse14,324,7,1,2
Mouse14,325,7,1,2
Mouse14,326,7,1,2
Mouse14,327,7,0,2
Mouse14,328,7,1,2
Mouse14,329,7,0,2
Mouse14,330,7,0,2
Mouse14,331,7,1,2
Mouse14,332,7,0,2
Mouse14,333,7,1,2
Mouse14,334,7,1,2
Mouse14,335,7,0,2
Mouse14,336,7,0,2
Mouse14,337,7,1,2
Mouse14,338,7,0,2
Mouse14,339,7,1,2
Mouse14,340,7,0,2
Mouse14,341,7,1,2
Mouse14,342,7,1,2
Mouse14,343,7,1,2
Mouse14,344,7,0,2
Mouse14,345,7,1,2
Mouse14,346,7,1,2
Mouse14,347,7,0,2
Mouse14,348,7,0,2
Mouse14,349,7,1,2
Mouse14,350,7,0,2
